aX,aY,aZ,temperature,gX,gY,gZ
-648,4636,17588,16.34,-725,2997,-1161
-2536,3968,17948,16.39,-176,1993,-183
1296,4536,15280,16.39,509,1932,-1227
-24,4920,16140,16.44,-368,1221,-1289
-108,4720,17268,16.34,1302,152,107
-2940,3260,18892,16.39,433,1967,-590
-36,4128,15904,16.34,967,-862,-1462
-1028,4348,17064,16.44,511,-858,576
288,4836,16100,16.48,-1719,72,420
-524,4584,15328,16.44,-3107,-657,-982
648,4392,16944,16.44,-2376,-729,478
636,4788,18252,16.39,-1095,880,-564
-1904,4528,17780,16.44,4,1215,-267
-2392,2804,19000,16.39,20,1845,812
1160,3328,17520,16.39,221,1092,-175
-340,3388,15020,16.34,1080,2869,2667
-2940,3216,18416,16.34,1280,295,2175
1324,4736,16304,16.39,1435,-1911,340
-900,4908,19248,16.44,195,-3030,1853
156,3920,20964,16.34,-36,-481,-1943
384,3096,14008,16.39,1275,-925,-707
692,3744,14648,16.44,-4629,-813,-414
760,3344,17204,16.44,-3465,-1381,-2
1112,4292,17264,16.39,383,1837,39
-572,3868,18412,16.44,3951,2071,332
-1340,2960,18832,16.34,-1144,3425,1916
-1120,1444,17308,16.48,604,957,3417
760,3492,12744,16.39,336,2791,1427
1732,4456,15624,16.44,-648,516,-2586
580,5428,18336,16.34,2946,-1961,-3790
912,4188,21540,16.39,-971,-143,-6236
-956,3276,16064,16.39,-614,-82,-5181
-2020,3348,15520,16.44,129,2401,-5242
-840,4580,15580,16.39,781,-1046,-5903
-3336,4884,13928,16.48,1543,253,-1290
-4932,4324,17968,16.44,1448,1308,2720
-7636,1960,12612,16.39,-3191,36,3899
-1340,1668,13996,16.44,-5772,1033,853
1384,3360,18624,16.44,-790,1526,307
-5820,2600,14580,16.39,2130,-131,1571
-5640,3224,18632,16.39,1713,1263,803
-2776,2412,22288,16.44,590,551,-227
-776,2832,19760,16.34,-599,-1017,288
-1460,2620,17468,16.39,-783,-280,423
-2772,4320,16236,16.34,1620,764,70
-5944,4244,20920,16.44,2401,1344,-14
-4848,2996,18712,16.39,-2447,-17,2638
1532,5136,19560,16.39,-56,-2917,4153
-3276,2452,15348,16.44,1392,2140,474
-1384,4596,13512,16.39,2313,850,1279
-1664,4676,17048,16.39,-2899,-149,1332
-1924,2396,22208,16.39,-8497,-704,-2338
-4740,916,20088,16.44,590,-1092,845
-632,2884,14760,16.44,591,-209,-2139
1348,3588,14992,16.39,462,3775,-1717
-3732,4376,18352,16.39,6890,2269,-2865
-1864,4632,18532,16.44,431,849,-683
-3144,3248,19264,16.34,-794,-838,1090
-4964,3036,14476,16.39,30,-277,371
-2764,4688,14264,16.44,2155,-377,1557
-3296,4960,15224,16.34,3110,-1085,539
-2228,5316,17840,16.29,-72,-358,-1635
-5512,4092,17592,16.29,-893,-453,-1699
-2984,4060,15196,16.44,-1853,-2097,-1073
-1032,3964,14368,16.44,-1371,-2590,-204
-380,5332,15820,16.39,-801,1069,-722
-680,4664,20552,16.48,-333,2877,495
-2272,2240,23204,16.34,-2205,602,975
-2304,2552,17908,16.44,-1269,749,-24
-288,2904,16036,16.39,-739,-991,718
-1088,3840,12556,16.39,925,-496,-240
-1704,3740,19308,16.44,-420,1173,-1462
-2020,2260,20444,16.34,-313,2306,-3231
-328,2888,17964,16.39,2219,-658,-2445
-2948,3188,14656,16.44,1267,-260,-1815
-1568,4708,14648,16.39,2732,-2020,321
-2388,4720,17588,16.39,584,1452,2141
-2196,3348,19820,16.34,-3094,2947,1030
-1460,4356,19248,16.34,-748,-1169,1133
-1280,3476,17376,16.39,375,-569,2079
-644,4172,14384,16.39,1693,998,710
-2888,4720,18092,16.34,1687,2004,-1257
-2500,4184,21444,16.39,-170,-68,-1111
-824,3700,17784,16.39,-545,-2624,-688
-1544,4120,14900,16.34,-1063,-114,-759
-1024,4960,14396,16.29,1029,701,-17
-1236,6324,17604,16.44,1164,1874,-202
-3040,6604,18204,16.34,1885,31,-343
-3412,4108,16188,16.39,-2334,1340,329
-3240,2848,14488,16.34,-2600,-42,435
-48,4796,14160,16.39,590,1204,463
-2116,5720,15976,16.44,2609,843,398
-1984,5632,18440,16.39,-854,-251,-870
-3284,3132,17800,16.29,-2079,-19,-939
-2780,4140,14940,16.44,-285,438,-1093
-1300,4016,14484,16.48,739,158,436
-2124,5416,15996,16.44,1102,2179,-26
-2020,5984,18248,16.29,1213,1922,2
-5624,2940,18908,16.44,-3364,1246,-100
-3716,3344,17760,16.44,-666,-187,142
-2544,3348,15424,16.29,-1304,35,1300
-2572,4360,13900,16.44,338,61,787
-1952,4936,19324,16.29,-124,-516,-41
-2008,3028,19164,16.39,-2352,710,-1261
-64,3912,16292,16.48,940,-289,-2248
-1996,3368,13548,16.44,-1649,-867,-566
-2312,3856,16000,16.39,-264,285,-581
-2516,4808,19824,16.39,1053,1885,1505
-4048,3680,20460,16.34,-656,406,366
-1304,2000,18184,16.29,244,-2881,1513
-3136,1936,14964,16.39,-278,1235,-416
-2144,3904,13636,16.34,2925,-394,-236
-2076,4400,18228,16.39,2043,478,-914
-996,4648,21112,16.39,-68,-3002,-2228
-1792,3260,19412,16.44,-1753,958,-996
-1232,4228,14780,16.29,-1552,1092,-1229
-952,4456,13580,16.29,-51,1166,21
-1804,5964,17060,16.34,920,2662,630
-552,5864,19032,16.29,1178,2013,1229
-960,3208,17524,16.48,-1350,1529,2984
-2264,2908,15764,16.34,-384,550,-608
-388,3716,14696,16.29,-85,405,658
-1944,4264,16412,16.39,1133,-87,300
-1896,4720,18228,16.44,590,-285,-1293
-4108,3504,17696,16.44,-2030,-7,-2316
-1488,3904,15760,16.39,-767,-181,-1707
-3036,3288,14460,16.39,417,-899,-4
-2976,4164,16780,16.34,1456,545,-510
-2544,4332,19696,16.48,2692,277,459
-3380,3384,18820,16.39,-1524,266,680
-2436,3192,19344,16.44,-1538,-294,321
-1328,3404,15032,16.44,-2354,-787,668
-3012,3888,16756,16.39,1126,-310,545
-4048,4304,17376,16.39,1880,77,-378
-2832,3360,20460,16.44,550,-1444,-1800
-1872,3044,16548,16.44,-612,-75,-1670
-2524,4708,15200,16.39,189,1420,-1313
-2120,4776,14992,16.39,1860,237,718
-4032,5440,16832,16.34,2104,570,376
-2616,7400,15328,16.44,878,361,1583
-2156,4276,16760,16.39,-4132,1908,2483
-2376,3412,13864,16.39,-1035,1494,-1043
-1496,4448,13408,16.29,-606,485,523
-2352,5168,16748,16.44,583,65,-474
-2004,4356,20712,16.34,101,129,-1072
-4064,3024,17688,16.29,-1862,1392,-1128
-2808,3244,16280,16.39,-664,-237,-1129
-2940,3928,13980,16.34,814,-966,776
-1836,5288,18348,16.44,-20,703,327
-4120,5120,20132,16.39,1961,1818,1255
-3528,3684,19176,16.34,1123,1487,954
-3412,3224,16852,16.34,-1051,897,372
-3644,2996,15796,16.39,-323,615,1530
-2116,4112,16868,16.39,2063,694,-255
-3524,4572,19256,16.34,-9,-990,-1902
-2444,4820,20812,16.39,-2464,267,-4276
-1248,3380,17692,16.34,1270,-1680,-2878
-2732,4652,13136,16.34,667,128,-1686
-2376,5208,14332,16.29,2074,1793,-860
-3528,5040,19232,16.29,1598,321,531
-4544,4876,19196,16.34,-2979,993,92
-4128,3176,18160,16.29,-856,-474,1097
-3020,3064,13780,16.44,-156,367,1380
-2804,4892,14928,16.25,2010,-107,1021
-4396,5164,17024,16.39,1755,-1827,-299
-3988,3520,25192,16.39,-976,-3024,-2436
-1572,4460,18244,16.34,-1134,-2316,-815
-3924,3900,14168,16.34,-485,1338,-1282
-3072,5092,14540,16.39,1328,979,402
-4788,5172,16712,16.39,1362,2145,1031
-5012,6452,20124,16.34,-603,-273,-521
-3552,3996,17156,16.44,-2241,-1545,1113
-3920,3520,13544,16.34,-1282,698,851
-1736,4216,12824,16.39,285,-980,252
-3760,4400,16860,16.39,547,2433,-580
-3776,5332,20776,16.34,-823,-816,-2057
-3400,3064,18184,16.34,-1584,-1259,-275
-2332,3652,15588,16.29,-895,219,-1087
-2116,4620,13800,16.25,135,721,457
-2256,5236,17480,16.29,143,1987,430
-3592,5264,18704,16.34,1061,2999,1149
-5088,2608,20064,16.34,-2280,2156,1742
-2708,2312,17616,16.29,-1792,-3059,641
-2200,3260,14916,16.29,-735,-2459,2221
-2212,3568,14684,16.34,-288,-1802,962
-2724,4452,19208,16.25,-1060,409,170
-456,3088,21088,16.39,-1652,-812,-437
216,2344,17176,16.34,490,-2910,866
996,2916,15184,16.39,236,-931,-179
-28,4008,16772,16.34,-12,-317,-289
-1888,3816,19600,16.39,96,1027,735
-256,3484,22344,16.29,-2702,268,-231
-1112,1372,16084,16.29,-1317,-1056,2354
472,1552,17620,16.29,-2297,1147,987
416,2740,15688,16.34,1518,671,132
576,2752,17932,16.2,3019,-570,-1264
-1032,3292,21304,16.34,2184,-2101,-5712
-396,1716,21352,16.34,-549,-1338,-2112
260,2848,15716,16.39,-344,510,-2174
-376,3908,14460,16.34,808,824,-524
1264,5392,17788,16.29,3193,617,-777
-800,5172,18472,16.29,2014,1475,-309
856,3920,19412,16.34,-1161,478,2575
-2204,3208,17440,16.29,1765,269,1398
1040,3476,16028,16.29,-1656,291,1035
-884,4728,14900,16.25,-674,-86,-1006
-808,5600,18364,16.29,-1144,419,-2657
-2336,4096,19520,16.34,-3782,1265,-1246
-24,4480,17028,16.34,533,1590,-1653
-872,4684,12940,16.29,766,-1506,500
-1476,5900,12936,16.34,1276,-2268,915
-568,5528,21184,16.25,143,-1161,2312
576,2976,24380,16.29,-3124,812,2839
192,3120,20256,16.34,-1146,-956,1224
-1500,2536,13984,16.39,-460,-1184,1482
1308,3884,14320,16.29,-42,-1221,502
1120,4500,20148,16.34,-281,-1284,-736
-164,1560,23148,16.25,-2877,1977,-2404
728,1424,17996,16.29,-1106,-172,-1351
-1300,2604,14608,16.34,106,398,-1199
-476,3540,14844,16.34,2162,462,-387
-184,3852,19648,16.39,1877,134,519
-728,2380,21332,16.25,-1706,-52,1359
-1288,684,17600,16.34,-1708,-1295,-307
-632,1780,14896,16.29,-1113,1531,115
-1600,3528,16636,16.34,204,-102,-463
-1160,3416,19864,16.25,18,-1182,-582
188,2252,21160,16.29,-908,-891,-1673
688,1484,18276,16.25,92,-372,-92
2196,2844,17424,16.29,413,597,-1581
1128,3648,14488,16.34,446,1009,-1206
-1412,4108,18736,16.2,1930,-256,273
1000,3380,19272,16.29,-1336,-299,154
1544,2304,17132,16.2,-1275,857,1543
116,2132,16984,16.29,-1322,1633,-834
-328,2840,15012,16.34,177,423,133
144,3080,15508,16.29,1974,-932,-1091
1520,3540,18672,16.34,594,-2268,-2220
648,1856,19332,16.25,-2635,375,-696
1528,2132,17588,16.29,-1258,1916,-1726
-200,2908,13692,16.25,783,1833,-362
468,3944,17736,16.29,2132,-298,-44
436,3092,20956,16.34,1871,762,402
-1684,1796,21564,16.29,-1607,1097,1395
-336,1368,17388,16.2,-622,-552,899
72,2276,14972,16.25,-300,-272,1181
264,3604,15228,16.25,1095,-251,524
272,3144,19756,16.2,1111,-694,-828
372,2788,18748,16.2,-1709,767,-1806
1828,1968,15360,16.25,-1945,544,-1108
64,2328,13172,16.2,-730,329,-1239
1296,3860,15976,16.29,1042,1017,-760
-136,3548,19108,16.25,1724,-161,447
-752,2056,22656,16.29,-1309,-2580,-248
-1244,1836,17472,16.2,-136,-1985,1510
452,2524,15172,16.25,680,-424,779
916,3512,13836,16.29,1665,956,846
-80,3376,16268,16.2,1038,208,-820
416,3972,20220,16.15,-750,-1364,-2054
-1216,1588,20948,16.29,-2148,-1034,-1256
-340,2668,16280,16.2,-567,-1024,-654
-408,3404,14656,16.25,1688,418,695
1232,4684,15428,16.2,2503,2092,785
456,4200,18656,16.29,1477,974,154
-2000,2408,23332,16.25,-1370,2045,1981
296,1928,18420,16.29,-994,-1249,1657
264,1976,17756,16.29,-331,-1039,2235
212,3232,14824,16.25,2360,-873,119
336,3576,19116,16.15,1904,-1279,-2279
1188,3796,20760,16.25,-1919,330,-2498
1252,2944,19112,16.2,1159,82,-1231
436,3564,15576,16.15,450,684,-1489
-156,5452,13996,16.2,2994,1179,-589
-2212,5844,16792,16.2,2183,850,235
-508,6560,18628,16.29,993,-66,415
-48,4036,17604,16.25,-313,-1090,2447
-252,3780,14732,16.11,-430,31,-157
404,5264,13144,16.25,741,-512,1112
816,6176,13792,16.2,1465,-1049,126
1276,6820,16692,16.25,-495,-873,-687
-700,5016,17456,16.2,-3414,921,-2071
248,5404,14676,16.25,-644,-628,-1192
44,4328,13308,16.2,-857,-503,799
800,5900,13384,16.15,-22,-117,149
200,5636,19620,16.2,-566,1086,693
-1160,3784,23580,16.15,-3279,663,2083
516,2972,19220,16.2,-328,-977,1591
-752,3108,14688,16.11,-106,-1266,1257
260,3996,14236,16.15,1998,-593,-6
764,5348,16000,16.2,1527,-373,-1212
-36,4192,23008,16.25,-2660,618,-2650
964,2712,21296,16.2,-621,-457,21
244,3660,15588,16.15,-232,-575,-1205
-268,4300,13876,16.2,954,-367,-94
-120,5500,16456,16.15,1154,292,276
636,5388,18524,16.2,-62,420,-458
-1788,4376,18548,16.25,-625,-137,1159
-1940,2820,19648,16.29,-1362,-1163,1261
224,3496,14568,16.15,1670,-753,1714
992,4716,15824,16.2,1973,79,-618
332,6004,20136,16.34,1233,-1224,-742
1196,5580,17528,16.2,-3036,101,-769
1080,4064,15296,16.2,-1125,364,-1384
-372,3816,14492,16.25,-290,-1134,-203
912,5200,15708,16.11,560,403,34
1624,5296,19948,16.15,1189,3118,455
148,4588,20168,16.2,-793,-981,-94
776,4140,17912,16.15,-7,294,1306
-560,3848,16080,16.11,-1810,2034,802
276,4416,13456,16.15,1392,-568,930
1348,5680,18528,16.29,1340,-82,-527
-456,4676,21352,16.2,-2031,-800,-989
900,4180,18880,16.25,-227,1076,-313
1560,4504,14016,16.2,1099,449,-728
-180,5004,15328,16.15,156,-342,-181
64,5152,18056,16.11,832,1285,514
956,6200,19468,16.11,764,1327,-429
-1148,4608,18772,16.15,-363,252,1165
-436,4032,16632,16.11,-1746,660,1233
1164,4760,13988,16.15,988,-344,1310
-240,4984,15072,16.2,1517,-43,-868
1672,5908,18264,16.15,-20,474,-1965
-1504,4436,20252,16.11,-2211,1123,-1329
180,3804,17532,16.11,-633,-303,-1017
-312,4256,13844,16.06,468,-138,181
316,5828,16972,16.2,2261,-689,-450
60,6084,18576,16.2,1733,-443,-101
-1584,3964,20012,16.2,-2013,847,212
-1728,4032,16336,16.15,-683,35,-305
-1152,4076,15628,16.2,54,-750,1489
-396,5104,13920,16.15,1197,-313,990
-1344,6112,19244,16.2,-199,922,-725
-256,4924,18744,16.15,-1377,1030,-1863
272,4132,16324,16.15,-277,-48,-653
-1412,3792,14828,16.2,-1017,1719,-825
-1240,5140,16216,16.25,313,313,-31
-1008,5124,18188,16.2,1811,-142,750
-1144,5020,18336,16.25,-103,1165,-715
-1928,3672,16648,16.15,-1266,235,-64
-2704,3980,14680,16.11,-1170,-31,-176
-1584,4532,13912,16.25,589,-179,390
-3652,4476,16944,16.2,892,3076,190
-232,5352,19960,16.15,-268,-1799,-1167
-396,3556,20248,16.2,-3048,-273,-422
-40,3984,18904,16.15,-44,-553,-611
0,4276,12988,16.25,895,-1582,155
-1264,5056,17092,16.2,1046,245,-254
-764,5532,17852,16.15,1209,2294,1281
-1320,4800,21104,16.11,-1039,799,2078
-1396,3492,16968,16.11,-1177,554,1089
248,3576,14160,16.15,910,130,1983
-1256,4224,16428,16.2,1081,-1067,-241
624,5444,19980,16.2,2223,-1358,-1883
-1552,4248,18260,16.25,-2070,1020,-1495
216,3952,16380,16.2,-1189,-149,-2350
-1436,3952,14664,16.2,-27,-1521,-925
-1676,4780,16372,16.06,584,92,-1081
-868,5496,19656,16.2,2186,102,-145
-1164,3860,20104,16.15,-1592,-1475,354
-2224,3556,17512,16.2,-743,-32,-669
-3052,2168,17236,16.15,-660,-948,617
-1692,4604,13748,16.15,1979,-267,840
-968,5300,18232,16.2,894,-763,-183
264,5324,20508,16.15,-778,-192,-347
580,4392,18164,16.2,-1004,-1355,-591
644,4532,16172,16.15,-755,-260,-795
-36,4764,14868,16.2,1197,266,-295
-500,5856,18384,16.15,1771,384,102
-36,7312,16624,16.11,2094,2969,1238
-268,5264,18856,16.2,-643,1708,2251
-448,3600,15564,16.25,-1857,1918,430
340,4364,15296,16.11,-48,97,912
-324,5624,15836,16.15,1089,-467,-555
860,6704,18776,16.11,1871,-1872,-1447
-124,5644,17320,16.2,-1444,1715,-1222
-624,4756,16060,16.15,-565,498,-1582
-820,4164,16320,16.2,-970,153,-463
348,5704,15628,16.15,1894,-1130,360
-792,4996,20900,16.11,2441,-133,258
-2216,4336,19812,16.15,193,-507,458
-1252,3480,16552,16.15,-2281,-574,577
-980,3708,16120,16.2,-951,-1257,38
112,5156,14396,16.15,1662,-404,224
-1016,5196,18168,16.2,768,85,-448
2116,6064,20452,16.15,-1448,226,-2286
88,4880,18016,16.2,-578,621,-1406
-788,3948,15104,16.25,-422,443,-706
-264,4968,15004,16.11,-63,-66,-203
-420,5888,18536,16.25,927,1870,815
-1116,6092,18324,16.11,-352,675,31
-1228,4564,17668,16.11,-1060,-683,896
-1432,3876,14852,16.15,-1483,985,279
400,4576,13552,16.15,387,493,1025
-900,5484,16348,16.11,1543,433,-737
-1588,4848,19992,16.06,332,-912,-2205
-252,4476,16208,16.2,-2236,446,-37
540,4608,16476,16.2,-1867,1163,-1005
-620,4420,14424,16.25,658,180,-42
-624,5604,17820,16.2,1770,-240,474
1412,6088,18752,16.2,3146,1135,-151
-2800,3604,18604,16.25,-1931,644,80
-1492,3964,15916,16.2,-653,-298,430
-588,3744,14520,16.15,-137,-739,1716
-1448,4312,15692,16.15,884,-733,718
356,5576,19816,16.11,1141,-1452,-971
-928,4312,19340,16.15,-2212,840,-2365
88,3880,15472,16.15,-275,-160,-1711
-2544,3272,14336,16.2,185,-644,-526
-56,5212,16632,16.15,935,-533,-696
-708,4880,19728,16.2,1179,253,847
-1092,2664,22380,16.2,-2018,1064,681
-1116,3952,16472,16.15,-595,-233,636
-132,3572,15092,16.11,74,-351,927
-532,4596,14980,16.15,822,-51,501
-1164,5072,19896,16.2,1571,-748,-393
348,4576,20056,16.25,-526,-311,-1613
-876,3552,16780,16.11,-1094,-698,-678
-1696,3328,14848,16.2,-822,374,-1066
192,4776,15488,16.15,1084,-150,214
-1764,5168,18376,16.2,2274,941,69
-2656,5532,17972,16.15,-602,-255,-338
-1524,4708,17416,16.2,-1980,-177,1187
-1208,3816,14220,16.11,-909,193,981
176,4540,12552,16.15,856,142,1054
-256,5016,16452,16.2,1300,-899,-826
-1568,5332,20284,16.15,-1865,-438,-1089
1708,3892,18548,16.2,-1581,476,79
1016,3968,16988,16.11,583,955,-1943
-244,4688,13956,16.11,861,377,476
468,5836,17488,16.2,1388,1608,346
1436,6492,17120,16.25,1030,893,425
-908,5056,18000,16.11,-2025,1137,1472
-432,4412,15220,16.29,-481,-206,369
272,4420,13300,16.15,-144,352,1456
44,4916,15428,16.15,1659,390,226
-520,5712,19348,16.11,1752,-123,-1288
-860,5488,18468,16.25,-2815,416,-2094
404,4320,15128,16.11,-1099,55,-943
-992,4168,13884,16.15,-131,94,-1179
816,5412,16912,16.11,13,319,-717
-1320,4992,19168,16.15,1754,1060,-556
-3264,5032,20084,16.2,-818,1155,923
-1416,4376,16572,16.15,-597,-319,1772
-1764,3952,15096,16.29,-651,541,34
-152,4860,14416,16.15,796,-841,457
-1400,5028,19404,16.2,1230,-642,-1493
236,5284,21228,16.25,-1027,-39,-2328
-24,4608,17400,16.11,-1441,-1021,414
-232,3844,14192,16.15,-661,-757,-694
124,5084,14628,16.2,1031,-176,62
-508,6092,17664,16.25,1529,641,315
-888,6560,18220,16.2,-605,1410,-622
-2300,5328,16824,16.15,-698,382,3462
-1264,4200,15736,16.2,-785,489,1247
-380,4252,14060,16.25,811,763,1602
728,5556,16732,16.11,2092,771,-1221
-1344,5372,21992,16.2,-1286,-371,-2892
-1516,3936,18556,16.15,-1815,660,5
848,4140,15928,16.2,-1355,-1024,-1631
-1224,5172,12964,16.2,131,239,-1157
-2312,6232,16560,16.2,1050,1065,-332
876,7236,16424,16.25,1388,828,1303
564,5376,18008,16.11,-799,-517,2523
-468,3012,17476,16.15,-1419,-253,418
676,4636,15584,16.2,1588,1521,2703
-244,6156,14924,16.25,2323,-1140,2045
188,5592,18628,16.15,-531,8,-1962
5836,4340,32767,16.15,-1584,-7426,-5450
676,5864,14516,16.15,2226,256,-3765
-2372,6404,11672,16.2,3820,-653,-776
2300,7792,14368,16.15,900,-2188,4437
-88,7120,17676,16.25,-475,296,2226
412,7712,20964,16.11,-2140,514,1357
-812,5372,15632,16.2,-1384,-532,2526
-2348,4200,16668,16.2,-2087,1850,-253
-544,5384,12900,16.25,-1548,-702,334
3068,6788,18856,16.15,2031,-2674,-1246
-3704,4884,22088,16.2,-1600,-1808,-2709
-428,5112,16836,16.2,-2880,-779,-489
3620,5056,14292,16.15,681,1351,-1187
1036,6324,11876,16.2,1123,520,-2292
-508,6588,17316,16.15,1850,2675,-339
1376,6708,15960,16.2,1727,1496,452
-576,5444,18048,16.15,299,-1618,1733
-1648,3648,15984,16.2,-1764,-301,1133
236,5024,15220,16.2,1396,-1332,3598
-692,4484,15232,16.15,469,-344,2038
4648,6604,17964,16.29,-217,539,-592
-620,4508,19756,16.15,-2375,-897,-2308
240,3788,17012,16.06,-3188,608,-3294
8,5088,13748,16.2,660,1682,-298
1624,6632,15576,16.25,2672,1504,486
-1088,5744,19652,16.11,2142,1434,1071
-4928,3960,21004,16.25,-1433,3658,152
-948,4948,17896,16.2,-1277,-950,312
1348,3792,17904,16.15,-2680,-4005,2238
-712,5048,15600,16.15,1627,-770,-1394
-4496,5272,17048,16.11,1533,-720,-3264
-500,5612,22416,16.15,-2338,-1473,-3380
1244,4928,15196,16.15,-2313,58,356
3652,5648,14492,16.2,44,2059,1443
1708,5648,13688,16.25,491,-349,1672
-1856,5788,18904,16.29,1478,254,631
1736,6572,18944,16.2,-1000,436,-858
-1768,4392,15524,16.2,-2739,1326,1030
36,4440,17588,16.2,-1790,-579,3428
24,4452,14884,16.2,2943,-1452,3220
-936,4864,16128,16.15,2259,-67,-940
3820,6160,16196,16.2,-125,-272,-2741
5404,5608,18588,16.25,-714,787,1300
1000,4432,17372,16.2,-726,7,357
-2296,4680,16620,16.25,1059,-899,-362
1308,6232,16748,16.2,1913,-701,319
4404,6968,18568,16.2,2373,1814,1774
664,5204,19416,16.15,-424,314,4027
2020,4104,16192,16.29,-461,1106,64
-848,3552,18588,16.25,3249,588,579
-1772,5520,16184,16.2,3338,-80,1123
2000,7156,19764,16.25,-439,-2040,-25
-1372,5132,19880,16.2,-1656,-178,-2997
-784,4232,15996,16.25,-2402,816,-2028
-4020,4260,13352,16.2,-364,-1524,-1173
-360,6340,16240,16.2,705,175,-292
-3304,6316,18672,16.25,2397,776,2869
-3696,4336,21012,16.29,-1718,-342,1970
-2848,3256,17304,16.29,-1680,1475,-1102
184,3920,16880,16.25,-402,1187,-191
1300,5592,15900,16.29,1835,-630,508
-3016,5636,19288,16.25,498,-1402,-665
1560,6760,19876,16.29,-617,-831,-1774
-3248,4568,17632,16.29,-635,-873,-710
188,4968,17244,16.25,-856,-282,-1538
-268,5720,13424,16.2,352,140,-627
-1972,7712,18752,16.25,1364,509,77
2856,8456,15980,16.2,2812,3044,716
132,6144,14304,16.29,810,431,1104
-1620,4944,14324,16.25,-2122,-82,-210
216,5300,12428,16.29,530,-633,1416
-3768,4936,16032,16.34,83,1409,-1051
3388,7100,18160,16.29,-317,-776,-1273
2928,6344,15040,16.25,-946,-1002,146
824,5676,18980,16.34,-682,853,573
-920,5152,14980,16.2,1021,-1130,457
596,6944,16384,16.39,2135,1515,-755
1892,7720,17248,16.29,-713,1747,635
2588,5868,15640,16.25,-1652,-56,1691
-2216,4116,15692,16.39,-2370,-1938,-1020
-2068,4368,14568,16.39,1331,-1638,1469
-1512,5296,14444,16.2,1947,831,184
1560,7304,20416,16.25,2416,-1181,1493
-1544,5988,19104,16.34,-258,-48,-1638
-1624,4436,16808,16.29,-3524,-441,-2953
-2436,5444,13932,16.34,239,332,-1477
988,6736,15732,16.25,2508,562,-686
-1880,6360,18636,16.39,1933,1232,715
-2736,4896,22424,16.25,-2794,1063,1538
-1616,4816,19692,16.34,-2397,-1506,112
-948,4680,15600,16.39,-2384,452,-1215
-1920,6160,15092,16.34,-705,-1883,-615
-444,5812,19260,16.2,862,-536,-1071
4,5632,20424,16.29,126,-359,-2363
900,5236,17232,16.29,1092,-660,724
416,5784,12152,16.29,1518,900,-269
776,6156,16048,16.44,1294,-61,1179
-1948,6336,18832,16.39,1773,75,844
-3512,5004,19900,16.39,-3095,876,-1284
412,5476,17180,16.34,-3266,89,2085
-616,4184,13868,16.29,-1147,-388,1392
152,5260,11824,16.29,2688,179,1527
-884,6736,19332,16.25,2818,262,-697
-704,5768,23052,16.29,-376,-282,-1422
400,5072,16304,16.39,1087,-273,-305
660,5888,14264,16.34,494,775,-529
1640,6100,15616,16.39,-208,414,597
1008,6828,17660,16.29,1808,460,766
-3276,6748,17720,16.34,-1786,1441,49
524,6836,12200,16.39,-1412,-1137,602
-3960,4676,17000,16.39,870,-517,1544
-1604,5304,15268,16.44,3012,-517,1445
1636,6344,14940,16.39,2220,-2037,-83
-636,6940,22220,16.39,-2491,-829,-3599
-232,6132,15644,16.39,-898,-1316,612
956,5316,13972,16.29,-794,1168,-210
2456,6224,14764,16.39,522,144,819
1852,6956,17744,16.44,1983,550,931
300,7804,17988,16.39,2162,993,612
-780,4888,19280,16.34,-60,-468,2271
-708,4272,16960,16.34,-973,-848,213
-36,4824,14352,16.29,617,-766,2453
428,6412,15036,16.34,1127,-1216,-139
1184,6688,17264,16.39,1255,-1209,-706
-576,5424,18760,16.34,-2500,314,-1091
1044,4644,15644,16.39,-2329,-136,-529
-1544,4340,14924,16.44,864,-362,-36
1180,6724,16388,16.39,3444,-1069,1146
852,5800,19800,16.44,2809,1055,1478
-2612,3204,24128,16.39,-2781,429,837
-304,3252,17680,16.39,-1640,841,-2046
3320,4776,14972,16.53,-609,-125,466
-572,5092,14276,16.39,1122,40,-354
-688,5752,20548,16.44,112,-353,-966
-2876,5492,18520,16.44,-516,281,-3433
448,4096,18376,16.39,-367,660,-1435
-968,4328,14008,16.44,-120,156,-1186
-408,5604,16776,16.39,-80,1494,-880
2296,6852,19528,16.44,2099,546,122
-3020,4828,19912,16.48,-509,-1618,363
1228,3856,19384,16.39,-4350,-445,-1962
200,4832,12812,16.44,-699,456,-406
532,6308,13684,16.39,1059,454,-497
792,6540,17636,16.44,493,-1147,23
2980,6676,20832,16.39,-809,-652,-1631
2740,5032,18804,16.44,-2165,-1803,-1534
1104,5208,14548,16.39,-1871,-246,-257
1124,6068,14484,16.39,-325,314,-1273
740,6860,17252,16.48,1639,1319,-594
1344,8296,15672,16.53,-1266,2635,-582
2456,6512,14536,16.44,-1278,1311,1277
1160,5048,14292,16.48,-401,1506,-694
2480,5040,14304,16.44,932,-1000,-711
168,6664,15736,16.44,-280,-693,-682
3696,7160,17876,16.48,-1708,-1600,-1354
-1536,5020,17488,16.44,-2594,-514,-832
-152,4520,17532,16.48,-2357,2533,-553
-252,5136,14400,16.58,1160,1435,79
2180,7264,15652,16.44,1882,295,-868
1224,6760,17260,16.48,2375,2608,1331
-908,5688,17944,16.48,-794,-164,1606
-1456,4452,19384,16.48,-1137,-570,1645
-3316,3688,17096,16.48,827,-990,1928
-848,5140,15672,16.53,1826,919,199
1924,6840,20584,16.58,1571,266,-1025
-628,5204,18988,16.58,-421,111,-1892
-140,5064,16640,16.44,-2549,-230,-1218
-1676,4624,14592,16.48,77,-1605,-1052
-1124,5424,14592,16.48,1998,-735,-2000
-308,7740,19444,16.53,2557,892,1615
-1988,5308,21548,16.58,-449,-339,2640
2488,4356,19340,16.48,-3113,562,-1733
-36,4168,15600,16.58,1250,-634,235
-1600,5000,14420,16.53,2370,-336,-344
-1132,6328,18116,16.53,861,-209,-1489
772,7060,19720,16.58,-2541,-787,249
2364,4904,15600,16.48,-2290,333,-604
680,5040,15832,16.53,-396,1278,-2080
388,6532,14896,16.53,1923,282,-527
-916,5620,20800,16.58,1703,-234,-539
-2484,4568,23368,16.58,-2101,576,-2716
-2528,4572,17692,16.58,-3566,-1265,2748
768,4256,17052,16.44,-190,-1,1332
-196,4360,17408,16.67,3228,-531,-47
-788,6188,17964,16.67,2315,-1930,-829
1064,5068,24804,16.58,-2168,84,-1106
3732,6060,16532,16.53,-452,418,-1138
-88,5300,12480,16.62,-45,560,-745
1460,6508,12864,16.58,1114,-49,-99
3344,7228,18240,16.53,2266,-110,686
1856,8508,17444,16.58,-1363,723,440
-284,5660,14904,16.67,-2874,-601,190
-1352,3852,18144,16.53,-970,312,576
408,5484,14492,16.62,2291,-476,1484
320,6616,18184,16.58,3913,-1328,-300
-3068,5424,23284,16.62,-1967,-483,-1616
-1080,4260,16324,16.62,-1952,-1733,-1071
808,5644,13984,16.58,-1973,609,-1974
892,6280,11820,16.62,800,213,-375
444,7928,15800,16.67,3043,1270,2554
3728,8536,13700,16.72,1767,755,-487
-796,5668,17248,16.58,-1076,4,2924
-1280,4780,15792,16.58,1774,-138,2911
392,5916,15108,16.62,1395,-344,2504
1056,6860,16080,16.48,1993,903,594
2692,7676,21504,16.53,2409,117,407
-576,6696,19300,16.62,-2434,-324,-2678
760,5700,16020,16.58,-2596,-844,-2343
-1944,5120,14916,16.53,-147,-1550,-1604
-1072,6700,14960,16.58,933,451,-793
-1336,6936,17472,16.62,2965,-184,1072
-3184,5688,20116,16.58,-845,1355,660
344,6324,15812,16.58,-1204,936,-817
-1804,3984,16168,16.62,-590,177,444
-356,6276,14564,16.67,1399,-331,-106
-452,7204,17728,16.62,1899,-904,-623
1408,7680,16960,16.53,759,726,-971
2620,6336,15400,16.58,-1327,395,-475
-1844,5300,15848,16.58,53,376,-9
-204,7256,16248,16.62,631,-424,261
3916,8784,16780,16.58,2045,-621,337
-4,6796,20384,16.58,-453,99,1240
-156,5388,16708,16.62,-1283,731,-1635
-3480,4856,16828,16.58,866,-274,57
-1408,6360,15284,16.62,2025,114,505
-1684,7128,15732,16.72,692,-181,-163
544,7624,22028,16.58,-1172,-706,-1468
2252,7320,16520,16.58,-621,-327,-4
-1384,5980,14808,16.72,-840,352,-622
-28,6800,14352,16.67,1010,-626,1211
820,7632,17476,16.62,1988,407,867
1932,8992,16824,16.58,2155,2462,514
-1420,7252,14400,16.58,-417,907,1598
724,6656,14660,16.72,-551,988,-802
-2400,5416,15312,16.62,849,-1141,1367
-2204,7060,16356,16.67,2746,-1137,-134
-2584,8324,15436,16.67,1193,-1113,-2458
-5128,6352,17920,16.67,-2821,652,-2957
-968,6484,14700,16.72,-1925,204,-2087
-1700,5768,13960,16.67,507,-707,1222
392,7948,16224,16.58,384,1,253
-584,7640,19728,16.72,746,655,57
-2512,7072,20884,16.58,-1076,1530,1342
-1072,5776,18112,16.58,-1049,-72,-45
-2972,4808,14128,16.62,-1294,434,925
4,6776,15560,16.62,2186,633,-37
-396,6964,18064,16.67,2080,-273,-211
-1736,7464,20896,16.62,-2036,-1379,-1780
1448,6364,17284,16.62,-909,-124,1466
-3216,4132,12796,16.58,3431,-4461,1373
-436,6816,15960,16.72,1937,-568,-183
-752,8640,18812,16.72,2451,-384,-168
-2352,9712,16972,16.67,-1411,1431,-619
1928,7436,15448,16.62,-1390,1235,1686
536,6412,14776,16.81,-1090,-1010,718
1668,6820,13248,16.67,1120,120,1718
688,7052,15236,16.77,1603,-419,-541
1560,8544,16088,16.62,943,-184,-738
-404,7760,17704,16.67,-2520,22,-2361
392,7028,16724,16.62,-1965,-427,-1117
-708,6308,15384,16.72,125,-631,-402
-2696,7900,15896,16.67,621,213,659
508,7688,19332,16.72,1553,1475,1871
-2416,7512,18760,16.62,-962,418,362
2392,7164,16104,16.67,-1104,-93,1174
-4456,4756,16148,16.72,-1380,-409,1617
-592,7156,14836,16.62,2103,796,-88
-1156,8220,16812,16.67,1713,-966,-280
-2784,7188,21544,16.72,-859,-1489,-328
-176,6100,15584,16.67,-1375,465,-1114
-480,6364,14856,16.67,-337,107,-1203
992,6864,13676,16.62,1283,284,1110
-840,8152,16876,16.67,2516,411,-479
-24,10108,17096,16.62,276,1091,-1142
-3528,6772,15996,16.77,-2293,281,2777
-2044,6164,14096,16.72,-364,279,-381
-320,5876,15056,16.67,988,-937,2156
-2108,6772,17172,16.67,2938,-1322,-260
412,8908,19240,16.62,2020,-736,-1978
-3220,7468,16596,16.77,-1028,354,-2459
-364,6324,14504,16.67,-1436,313,-2095
-1412,6384,13684,16.67,777,-576,-606
1532,9344,18992,16.67,1393,-1742,269
-2032,8004,17368,16.72,2264,2026,-112
-1660,7988,16028,16.67,-1380,1194,1719
76,6796,13276,16.62,-2017,61,736
-1020,5916,14492,16.58,-384,-87,2595
-2108,7000,16156,16.62,1986,564,418
908,8404,16120,16.67,1560,124,-1212
1280,8232,16188,16.67,-1802,284,-827
1524,7020,13468,16.72,-543,152,-1509
-2404,6116,13560,16.58,415,82,-352
-1836,7780,16172,16.67,828,621,313
-1832,7772,19100,16.77,1696,-99,1056
-4436,7028,19620,16.72,-1555,739,344
-2472,6408,16280,16.77,-2422,328,888
172,6312,11852,16.77,-1340,2547,-1005
784,8296,14780,16.72,162,1372,-529
1692,8148,15236,16.77,1678,75,945
1052,8836,18100,16.72,-1640,-1661,-1652
-1316,5980,15248,16.62,-1110,-940,174
1540,7444,14584,16.77,675,288,-1341
-1560,6808,12532,16.77,1614,-331,-1381
-3980,7920,16836,16.72,1008,875,-607
2064,10268,15912,16.77,-984,1185,-390
824,8308,15156,16.67,-1454,775,1973
300,6088,14876,16.81,137,1079,-220
1672,6836,14816,16.67,2199,-482,1775
2248,8648,14312,16.77,3373,-2515,1216
1104,8880,18396,16.72,-1955,-1096,-1466
168,7372,18652,16.67,-1350,1726,-1288
-236,6476,15684,16.67,-1763,-207,-483
-952,7236,12568,16.72,1541,13,-33
-452,9168,15460,16.77,2100,-953,821
2932,9952,15424,16.72,2534,667,1144
-960,7564,17820,16.77,-1007,10,3065
732,6136,16584,16.67,-1509,-1349,763
-2752,5508,14784,16.81,127,-836,1682
-1780,7036,15164,16.77,1094,-501,197
420,7748,19376,16.67,928,152,-884
232,7976,20976,16.72,-1696,602,-1426
-660,6664,16628,16.72,54,211,-285
-136,6312,13044,16.77,-177,1144,-1612
572,7856,13812,16.72,1116,-150,-752
-1484,8184,17656,16.72,774,-17,612
496,9484,17164,16.77,-314,1415,524
3668,8128,15664,16.72,-1211,-865,1404
-720,5988,14560,16.81,80,154,1461
-1484,6592,14092,16.77,1218,-199,1905
-1984,7412,14260,16.72,831,-525,-848
1660,9012,16600,16.67,-1543,362,-2482
-392,7628,17892,16.81,-3062,524,-1672
1348,6456,14660,16.67,-2397,884,-1290
2148,6504,11788,16.67,1653,381,70
-2040,8068,16700,16.72,2464,291,-738
-3532,7768,19216,16.77,2405,1337,1134
-4420,7040,20564,16.67,-1228,1520,931
-1304,6328,16500,16.72,-807,-133,365
-3316,5224,16188,16.81,-1492,443,-1315
-2360,7268,13192,16.67,1374,58,203
416,8216,19316,16.67,2033,-1273,-787
-580,8040,19776,16.72,-1433,-984,-1096
-1564,6868,16532,16.72,-973,-886,-572
-684,6468,14072,16.77,-1077,213,-1546
1132,7840,14392,16.62,280,100,-951
-820,8384,17964,16.72,2316,867,416
740,10492,16368,16.67,916,940,-133
-1024,7720,15728,16.72,-822,-163,1160
-2404,5816,15176,16.77,-1364,-510,-87
-628,6532,14904,16.62,179,-1008,490
-968,8332,15940,16.67,2281,-1087,-715
396,9500,16684,16.72,-1216,-867,-2646
-636,7500,16748,16.72,-2393,1488,-1625
1488,8056,15532,16.67,-2687,525,-1938
280,6796,11992,16.72,-132,-433,675
-804,8532,16104,16.67,1393,1003,39
-108,9136,16344,16.72,2708,2141,1187
-3804,7020,21696,16.77,-1258,1350,1021
1172,6840,15376,16.77,-1945,16,55
-2424,5556,14316,16.81,-245,-1252,1580
-1800,7384,14352,16.77,1980,-856,68
-816,8488,17312,16.81,951,-726,-949
224,8420,18256,16.77,-1437,-512,-3107
1172,7168,13680,16.72,-1734,-873,-823
-2416,6208,13124,16.86,445,-173,-1135
-352,8080,15664,16.72,643,197,-495
-204,8392,16496,16.77,1538,811,-309
-436,9228,17492,16.72,-715,739,-1118
936,7952,15444,16.67,-1577,-95,1131
-652,6324,12024,16.67,-1824,410,38
96,7088,13436,16.72,581,-140,294
-1164,7828,16116,16.77,1261,-1267,-908
-604,8580,19808,16.72,-1167,-1514,-2172
-1340,6928,16720,16.67,-1825,346,993
484,6832,14520,16.62,-781,227,-1239
452,7236,13012,16.81,971,-433,677
-1680,8788,16068,16.67,2873,883,55
120,10016,16792,16.72,933,2465,248
-2436,7108,16428,16.77,-471,1324,2903
-564,6180,14492,16.77,-2236,715,-839
-812,6440,15148,16.81,235,-330,1928
404,8300,13920,16.77,1239,363,207
776,9072,16624,16.81,1873,-505,275
-1800,7496,19576,16.67,-1952,-950,-3012
1260,6888,13304,16.72,-726,-1674,-1576
-1044,6928,13564,16.67,-380,-104,-119
-1040,8272,15032,16.77,46,600,-634
-1572,8972,17744,16.72,2553,960,490
-3352,7384,20368,16.77,-1681,1172,-1216
-1968,6368,15736,16.81,-1486,681,-248
-2280,5416,16392,16.81,-2886,1430,90
560,7424,14340,16.77,512,676,599
756,8504,16512,16.72,1167,-534,-1988
1396,9648,19692,16.81,49,-2533,-1380
-1952,7144,14888,16.77,-767,-733,-238
-1292,6896,15244,16.72,246,-38,-10
-820,7884,13028,16.81,867,434,-17
-52,9748,16360,16.86,2630,796,1083
44,10876,16328,16.72,-66,972,-265
-1608,8088,14432,16.77,-2009,1059,1301
808,6640,14884,16.72,-1720,1263,-1742
1072,7564,10692,16.81,282,-719,1069
1392,9412,13924,16.67,972,289,-428
1928,10300,14964,16.81,212,2195,-1940
-2840,7908,16540,16.77,-1291,580,-1154
2836,7888,14544,16.81,-1334,-1346,64
-1728,6852,13956,16.67,720,422,1177
-1992,8576,14624,16.72,1077,70,-1520
-1920,9288,15524,16.77,1874,2345,711
-2248,8032,17296,16.77,-2129,425,1687
-856,6960,17764,16.77,-1347,74,11
-2764,4804,17684,16.86,-1891,475,-538
-1220,7156,14564,16.77,2228,-69,581
-348,9332,18620,16.81,2404,-403,-770
-296,7976,16576,16.77,-2584,-710,-1669
1004,7072,14744,16.86,-2062,-549,-1801
-2232,6108,14664,16.81,982,-346,-464
-184,8300,16740,16.86,1190,390,-773
-124,8564,16220,16.86,2033,584,1632
-5188,7992,19120,16.81,-1833,2359,305
-1764,6192,17324,16.77,-1882,-987,62
-2680,5276,14308,16.77,-1695,-480,-3091
-2624,6532,16996,16.77,1246,1992,-2508
-2752,8272,17672,16.81,1644,-961,-1338
-4092,9060,19768,16.86,-1508,-1740,-1820
-168,7540,15724,16.86,-217,-623,365
-2028,6136,16096,16.86,-1085,821,-2059
-356,7456,13284,16.86,194,-559,-1036
-2972,8192,16864,16.81,3406,601,570
-2564,10412,14084,16.77,1277,-331,-620
-992,7664,12316,16.86,-1432,-1535,2912
-860,7196,15352,16.81,-131,857,-208
964,6784,13312,16.72,1591,63,2330
12,8328,12576,16.86,1700,-1687,2070
2716,10664,15412,16.86,-1995,-2203,441
-2208,8060,16288,16.86,-1255,1609,1218
-1288,6232,15940,16.91,-2583,-1027,-1451
-2472,6428,13252,16.91,269,-1663,2452
-1236,8232,15604,16.81,1219,716,1306
-172,8468,19432,16.86,906,2923,1600
-3944,6408,19088,16.81,-447,1455,2908
-236,6428,17496,16.81,-2770,2138,-1434
-2416,4696,15408,16.86,-647,-780,893
-256,6892,15956,16.77,1546,-97,399
-1568,7224,19468,16.81,1332,-472,-1211
-2328,6756,19324,16.86,-1872,-28,-2671
212,6088,17492,16.77,-1202,-672,-1799
-1184,5936,14792,16.77,-314,-2222,-1059
-820,7840,14896,16.86,2426,-1062,-561
352,8052,17988,16.81,1663,783,-359
-4524,6924,18844,16.72,-1518,1210,-260
-2064,6440,13788,16.81,-2425,-623,828
-2980,5820,16324,16.77,-539,-323,1702
-796,7240,13120,16.77,2020,-683,1350
-892,7208,16248,16.91,1955,-600,-1179
1756,9148,18712,16.72,-769,-656,-1458
2168,7676,17380,16.72,-1030,-318,-4
-188,7120,12284,16.86,-572,147,601
3240,9100,11744,16.81,374,-2256,442
4700,9420,14152,16.81,3683,-1270,1625
2992,10856,14944,16.77,-1966,1332,-166
816,7672,15736,16.86,-1589,93,2197
-1380,6696,15108,16.72,-873,-210,-1011
-420,6688,14200,16.86,1355,-1241,3279
2180,7940,14392,16.77,1310,-1182,1249
-2364,9424,17444,16.81,-1091,-2421,-2352
-2116,7484,17756,16.81,-1717,119,267
-2544,6328,15052,16.77,-1301,929,-693
-380,7120,12872,16.72,1131,-140,89
340,8964,14864,16.81,1129,-127,1924
2380,10456,14032,16.77,-1491,983,1281
-852,7740,15540,16.77,-2324,-464,3855
-4784,4740,18748,16.72,-3407,1476,732
-800,5104,14852,16.77,-189,-600,1377
-132,6940,14436,16.77,1977,-443,-493
3960,9296,15496,16.62,-753,-1293,-1256
-1136,6188,17344,16.67,-1375,-1532,-1313
1608,5572,15676,16.77,-3342,344,-1863
684,5280,14388,16.72,408,515,-547
-244,7108,15052,16.72,886,704,646
1072,7712,20916,16.67,1958,1765,-347
-3744,4756,24736,16.72,-1977,527,-434
28,5148,17036,16.72,-3069,691,-2212
-864,4252,17104,16.77,-1001,644,178
-2064,5604,14512,16.67,2688,-1045,-532
-972,7440,19120,16.72,2163,-19,685
112,7040,18660,16.67,872,502,-410
48,5596,15600,16.67,-1712,186,-2101
1796,6088,11028,16.72,-1239,682,1318
2600,6572,12616,16.67,284,-464,936
3092,6972,19408,16.77,1506,566,129
1544,6404,24276,16.72,-2301,1171,-1283
1764,6012,17844,16.72,-1504,-151,-100
-28,3912,15984,16.72,-2697,705,583
1580,5612,14792,16.77,1345,232,-272
256,6208,16552,16.77,685,-108,-1431
912,6960,21232,16.81,-2243,974,-3535
-752,5120,20100,16.72,-820,-180,18
1044,4952,15748,16.67,-1148,-763,-1385
2268,6356,14168,16.67,1474,-351,511
1732,7364,15792,16.62,1719,856,424
2888,8324,15532,16.62,19,1492,-1528
632,6748,16880,16.77,-880,-185,2457
-284,4924,15680,16.72,-1271,705,345
904,5440,14156,16.77,1787,505,1435
280,6516,13760,16.77,2517,-295,-40
4124,8596,14832,16.72,572,-775,-1744
584,6904,17164,16.77,-957,758,21
864,5148,14924,16.72,-2717,768,-28
176,5152,15248,16.77,-223,934,369
-68,7336,17052,16.77,1164,328,-354
-1052,6988,18812,16.72,2715,1578,341
-588,7356,14240,16.67,278,1688,943
1580,5608,14412,16.67,-3786,1655,-553
2004,5480,12400,16.81,-815,353,868
-268,5456,13452,16.72,1303,-523,-1815
264,7312,17180,16.67,839,-639,-2198
-2092,5776,24952,16.62,-1862,699,-2260
852,5656,15804,16.72,-1176,-147,-1571
-380,5944,14264,16.77,-1528,556,-705
1120,6780,13932,16.72,497,-4,-634
2288,8348,18536,16.67,1496,-330,-100
1144,7524,15780,16.67,-1326,2114,-1318
-72,6432,16700,16.67,-1613,1380,1288
-248,5004,13512,16.72,-1630,900,-388
3304,6260,13512,16.72,1934,34,-141
1540,7348,16184,16.67,1822,59,-1270
2916,8244,15744,16.67,-1219,1007,-1679
1824,7648,17620,16.72,-167,38,-519
1240,5800,15200,16.67,-1468,-66,-728
676,6332,12724,16.77,1250,-1656,362
-988,7632,16148,16.67,-138,1414,-136
3300,8828,16840,16.62,1642,1418,-470
-460,7116,16324,16.81,758,-481,2092
-1344,5752,17916,16.67,-781,215,106
-1932,5104,12504,16.62,1015,-1203,1222
-1212,7160,16080,16.72,1994,-1207,1428
-488,8328,17648,16.67,2598,-286,-16
-1548,7224,17852,16.77,-630,-107,-810
-1864,5604,18304,16.72,-2024,-475,137
-5084,4492,15344,16.62,-1089,-1337,-634
-2744,7328,16992,16.77,2019,99,-733
-3464,7436,20352,16.77,1605,614,281
-2004,6324,19816,16.72,-1345,-313,-105
-2520,4912,17596,16.72,-1699,-249,-1398
-372,5120,15292,16.77,-2104,-204,261
-880,6440,13832,16.72,758,-101,-524
-3640,7088,19552,16.77,1324,18,-1116
-1384,6476,20592,16.72,-690,50,-1171
2020,6004,17912,16.72,-1534,-155,-485
-792,5496,13344,16.67,-2319,350,-547
3224,7124,14400,16.72,69,81,-389
-324,7368,19108,16.67,2132,948,-685
-912,8368,19016,16.67,-2391,887,-2367
896,6844,13624,16.81,-422,-314,2250
-2964,4920,14680,16.58,-1423,869,-37
2392,5948,13136,16.67,1500,-511,1513
1052,7220,17676,16.62,2586,-1763,-583
1692,8080,21392,16.77,-2629,-1148,-4664
312,5864,17196,16.77,-1552,-1525,-1245
-864,5512,14168,16.72,-1016,-1033,-29
-256,5736,12180,16.81,1567,-617,1197
1036,7720,14500,16.77,1328,-207,1330
3820,9072,17964,16.67,1743,1910,2179
-656,6452,19276,16.77,1568,-609,2042
-2496,3800,15060,16.77,-2111,-214,57
-452,4760,14492,16.72,-1075,-326,788
-412,6240,13664,16.62,-669,-1298,-302
1588,7708,19436,16.77,896,-1512,99
-1112,5636,16888,16.62,-971,-1115,-1328
1400,4000,18132,16.62,-2520,-630,-300
32,4128,14412,16.72,-741,443,-1251
1052,6520,15060,16.67,55,976,-949
-16,5984,18968,16.67,2164,853,-843
-76,6284,20860,16.72,-1897,545,-449
2624,4356,15272,16.62,-1311,-511,514
1468,4744,14088,16.72,387,-340,-446
-1072,5404,11512,16.67,1520,-260,-875
-2904,6176,15828,16.72,1421,-832,219
1144,6764,21448,16.58,-2764,-336,-1499
2968,5512,17520,16.72,150,129,-468
764,4768,16572,16.67,-1006,979,-1106
388,5224,13488,16.77,-362,680,-799
1296,7744,17148,16.67,1881,1343,-1398
1632,7732,19412,16.72,2563,2623,62
-1944,5948,19980,16.62,-1109,565,-571
-176,5188,15572,16.67,-1995,868,-729
-1376,4676,13408,16.72,-848,1063,-502
440,6272,14432,16.72,377,351,316
-956,6960,17980,16.67,42,759,-1263
-412,5816,23128,16.62,-2208,1316,-2548
2512,5316,15960,16.72,-1250,1208,-1975
2080,6036,12420,16.72,-521,331,-322
2668,6752,11976,16.67,838,-667,560
1664,7120,16476,16.62,1876,810,863
-260,7792,19012,16.72,-847,1496,-334
-404,6232,16748,16.58,-59,391,3343
-496,5220,12940,16.72,-840,130,663
-1084,4968,14308,16.72,528,109,2162
-1492,5700,18568,16.67,1319,-350,859
3424,6992,18488,16.72,-791,-1165,-2440
3088,7028,16624,16.72,-1287,240,-1490
1508,5528,14372,16.67,-2140,-676,-928
-496,5212,14548,16.72,-689,-142,79
812,7196,13760,16.67,702,320,-364
1120,7460,18036,16.67,-411,1444,686
-812,5156,18988,16.62,713,-835,2023
-384,4524,16096,16.67,-2181,-110,25
-652,4336,14724,16.62,147,386,1425
-1004,5564,14016,16.67,2075,-840,1230
2844,7516,16260,16.67,-117,-2444,2447
-252,5896,19688,16.62,-1653,564,-8
128,4928,16496,16.67,-875,616,-2225
-1464,5088,13668,16.67,1787,386,-1537
-1764,6944,16448,16.81,1691,79,-526
-1044,7128,19716,16.72,2659,480,640
-3668,5668,21244,16.67,-1296,1522,543
-268,4772,17344,16.62,-2513,830,-1453
108,5016,12800,16.72,-927,45,861
496,6164,13108,16.58,805,-96,392
-724,7024,18048,16.53,1620,-1268,-236
-1616,5460,21300,16.67,-2515,633,-2169
196,5152,15320,16.77,-1101,225,-912
-288,5168,15348,16.58,-538,454,-859
-1032,5936,14784,16.58,1154,-475,-427
-1324,6484,17456,16.72,2250,1188,-254
-1740,6744,18940,16.67,-2963,1307,-585
-1896,4984,17796,16.67,-3267,319,562
-1996,4024,15208,16.72,-1692,470,-483
-984,5368,14080,16.67,1350,299,-568
-1808,6204,16660,16.77,672,185,-1102
732,6848,21744,16.72,-1856,91,-3328
1716,6256,19100,16.67,-1225,941,-3000
1044,5040,13284,16.77,162,495,-342
1100,5776,11884,16.62,1927,686,1369
2080,7460,18476,16.67,2165,475,57
4,8536,14944,16.62,-124,2017,-978
-472,6224,16768,16.67,-1125,61,1812
-360,4952,15240,16.67,-2649,-273,-549
-1032,5028,13892,16.62,1698,-139,884
148,5276,15256,16.67,544,510,-1636
4480,8124,16580,16.72,571,-715,-2508
-1940,5908,18612,16.62,192,-1773,-657
-1832,5036,16136,16.67,-1397,-1021,-1022
-620,5432,14128,16.67,820,-1091,1317
1812,6876,14356,16.62,862,43,908
2308,8276,17544,16.72,2000,2608,200
-1216,6568,19148,16.58,1866,-732,3609
-1064,4700,17508,16.67,-1028,338,776
-2728,4476,14628,16.62,599,-842,963
244,5568,15744,16.67,1781,-827,247
3172,8296,16940,16.62,1163,1,-838
648,7448,19388,16.67,-1821,225,-2170
-2256,5128,18080,16.53,-3326,79,-2224
-2760,5328,14036,16.67,-280,-466,-608
396,7232,16312,16.77,2470,473,-324
420,7984,16460,16.72,2221,446,1644
-1368,5716,22616,16.72,997,-1173,4060
-1452,4772,17856,16.67,-653,17,2146
-2800,4004,16908,16.62,1378,-1360,2182
-20,6092,16340,16.62,2839,1620,-687
-840,7468,18564,16.77,2548,-553,-244
-3452,5620,20704,16.62,-823,99,-2744
-4208,4624,13932,16.58,-2636,-295,-2315
-2288,4740,17492,16.72,-1683,380,-1545
-108,6804,15088,16.62,766,299,-1132
-756,6864,19148,16.58,2086,1921,481
-3748,5868,22920,16.72,-1682,-3034,2858
-2444,4472,17816,16.62,-1363,1077,-734
-1768,3940,15304,16.58,-883,2287,-2167
-2232,5268,14212,16.62,1237,652,-1180
-3780,7220,19140,16.72,1191,-723,2626
-4776,4320,19224,16.67,179,-1200,739
-1136,4744,15608,16.53,-2765,480,-1943
-2944,5136,13656,16.62,17,481,26
-1088,5580,16024,16.77,567,-964,666
-3424,5132,21988,16.72,234,-48,-206
-5120,4784,21092,16.58,-1359,428,1144
1928,4728,15656,16.72,-3292,-1482,498
-52,4844,11056,16.67,-1509,-615,289
1268,5400,12904,16.67,1914,-238,-1583
-100,6276,16268,16.62,626,-958,-1832
2712,5664,22832,16.67,104,-125,-3448
1464,4740,19976,16.62,805,-572,-892
760,4836,12036,16.58,-1049,-248,-1961
1888,6300,16832,16.62,-318,836,667
-776,6836,19676,16.62,1431,283,136
-136,4996,20092,16.67,-803,1136,1326
204,5244,15048,16.72,-1785,2854,-1423
-1328,4960,14256,16.53,307,2035,622
-1660,5628,14692,16.58,2078,-1084,841
-1648,6148,17408,16.72,-1528,-4143,782
-996,4896,17196,16.62,-5988,793,-1536
1152,4708,19188,16.58,-2332,1066,-3292
-584,5068,14180,16.67,2002,-536,-1467
68,5320,14648,16.62,2672,293,-294
-1764,5928,20452,16.67,2715,962,633
-3004,3900,21276,16.72,-1366,1382,1234
-1836,4864,17948,16.62,-1105,-1072,598
-2464,4316,18124,16.58,509,377,1366
-784,4712,16424,16.62,3662,397,348
2344,7112,16080,16.67,2684,-44,-1477
-1248,6188,17928,16.62,-526,-245,-538
-548,4844,15084,16.67,-1601,-579,-679
-1416,5536,15976,16.62,-93,-110,-1039
-1000,6844,15116,16.67,1443,1191,46
4304,8220,16724,16.67,480,3112,-1034
1408,6696,15600,16.77,-1141,1197,2445
-1192,5012,15324,16.67,-809,40,199
-1360,5540,13436,16.62,2805,-2038,3163
-1736,5412,14808,16.72,2088,-2282,625
196,6928,18416,16.58,-2299,-872,-3465
724,5876,16120,16.62,-2006,-60,-2075
-100,6024,14500,16.62,-1197,758,-2176
584,6068,13684,16.58,2627,260,961
-1220,7508,17400,16.62,2919,1455,325
-1232,8792,16896,16.62,-225,854,-183
-520,7240,14852,16.67,-2591,825,1769
-1068,5504,13776,16.67,-886,163,1285
592,5372,13840,16.62,2309,-537,1165
-3116,5788,17488,16.67,1997,-216,-966
1424,7560,16828,16.58,-2518,-664,-2222
-1152,6404,16508,16.62,-1407,311,-1245
-1240,6004,13780,16.62,-588,486,-2196
-1276,6092,11188,16.58,814,-28,1072
-2416,6808,16636,16.62,1314,44,1165
-1064,8308,16268,16.62,964,997,2296
-3304,5404,17944,16.67,-222,518,2680
-2340,4460,16004,16.72,-1661,60,770
-1196,4532,16548,16.62,-77,-1407,1691
-1700,5252,16740,16.58,291,134,161
2628,8436,16380,16.62,877,-407,912
-784,5620,16952,16.67,-1264,7,-762
-1392,4812,18452,16.62,-1310,-2,-2050
-1128,4844,14064,16.67,-41,-515,-1214
-916,6176,14952,16.62,1045,169,-901
-1636,6116,18924,16.62,1689,1761,501
-1660,4916,22416,16.67,221,394,-98
228,4972,15884,16.72,-2244,-685,-1046
176,4756,16992,16.62,-1142,784,409
-64,5472,14824,16.67,2539,-370,-40
-1680,6004,18032,16.67,1454,-218,-1369
-1524,5404,22024,16.67,-1337,735,-2063
-632,4932,18420,16.67,-1163,-1272,-1854
-1232,5012,12668,16.62,-615,-240,-1574
1176,6148,14136,16.67,131,-1036,8
-716,6864,17200,16.67,1290,581,288
-2332,7320,21664,16.77,-1713,1882,-556
1684,6372,15728,16.67,-1008,-253,1701
-888,4488,13992,16.67,-1152,56,275
1608,5324,14760,16.72,157,-9,594
-236,6084,15016,16.72,469,-187,-872
1396,6716,16988,16.67,-2019,585,-2274
60,6072,16516,16.62,-1358,316,610
-1196,4788,15956,16.67,-885,871,-114
264,5316,14364,16.67,1295,457,1031
-476,6576,16040,16.72,1415,491,-31
1816,8396,15124,16.62,73,1671,-617
-1716,5696,15568,16.67,-1829,744,-224
80,5200,16068,16.67,-1661,734,100
932,5260,12500,16.62,926,-697,1982
396,5960,15480,16.67,983,-1056,62
2332,6932,17876,16.62,-2065,-483,-3532
1760,6004,17112,16.72,-1740,365,25
292,4652,17452,16.62,-1054,-465,170
984,5340,14476,16.67,2219,-1303,397
540,6724,15104,16.72,2483,325,56
448,6572,18276,16.62,1374,767,1102
-1048,4944,19852,16.67,-1714,195,1950
-1124,4164,17820,16.67,-1538,133,177
-964,4196,17564,16.62,125,-345,1214
-960,5016,14392,16.72,1797,-1454,826
776,6520,18668,16.67,495,-493,-529
-388,5536,18352,16.62,-1550,73,-2973
212,4664,16324,16.72,-393,-136,-1947
-316,4600,15496,16.58,8,206,-734
-152,6252,15856,16.62,2187,406,-988
96,5972,18976,16.62,2317,887,175
-2168,5904,22552,16.58,-182,-1509,1454
-788,4684,16784,16.67,-2293,1575,622
-4296,3780,15136,16.62,-2173,1061,326
-2700,3808,15444,16.67,1657,276,630
-96,6828,19248,16.58,1136,-120,661
-3200,5360,22356,16.72,-1406,-600,-2082
-1932,4676,19712,16.67,-840,-901,-1606
680,4544,15472,16.67,-68,1314,-1988
1540,7028,14952,16.62,2445,-1127,200
-88,6464,18192,16.62,1736,77,380
-2616,6120,19504,16.67,-2127,1505,-458
-464,5096,17756,16.67,-1902,1352,368
1184,5328,12880,16.72,-801,394,253
1136,5796,12892,16.62,925,604,419
-764,6428,14908,16.67,1184,1347,-1551
2136,8016,23752,16.58,-4277,443,-3420
-752,4176,20844,16.62,-541,-190,-471
-1344,4532,16292,16.58,-284,-72,-1757
-2424,5288,15424,16.62,813,-3,115
-1296,6556,17256,16.67,1042,396,1846
1556,8500,16324,16.62,-1484,750,306
-536,6296,17548,16.58,-423,546,2735
-1524,4600,15052,16.67,-1177,1816,-78
1932,5792,13672,16.72,1683,210,1842
508,6092,15584,16.58,1200,-701,-149
1336,7520,16340,16.62,139,-1072,-943
1348,6168,17268,16.67,-1740,198,-1865
632,5632,15700,16.77,-630,-2,-1787
-332,5520,17224,16.81,290,-225,-117
-1600,5732,15836,16.67,618,114,616
-628,6268,17164,16.72,-237,1397,-441
-1128,7352,19100,16.77,-937,1160,-620
-460,5888,17252,16.72,-219,995,1047
-484,5196,13552,16.67,-694,1017,-749
-136,5912,13572,16.67,495,-277,1619
-180,6360,16276,16.67,1174,-1215,403
2956,6940,16548,16.58,-1158,-837,-1772
-468,5776,20096,16.62,-2940,961,-1513
24,5324,16780,16.67,-1243,313,-1791
-1680,4744,15240,16.67,1201,-44,-903
176,6760,16296,16.72,1374,739,-268
-1680,6116,19184,16.58,1445,1253,-166
-1108,5964,21624,16.67,-95,725,-342
-2360,5056,16368,16.72,-441,-780,666
-1120,4980,14532,16.67,-861,-287,483
-944,5664,13956,16.72,406,129,156
364,7128,16432,16.67,172,-119,-54
2228,6592,20408,16.62,-469,-94,-2162
-496,5552,17392,16.67,-1241,27,-973
180,5048,16200,16.62,-1425,-101,-991
360,5424,14708,16.67,235,272,151
-1756,6940,16192,16.62,1483,919,1013
-572,6452,16756,16.67,1914,885,1422
-2340,5084,17996,16.58,-882,606,2027
396,5036,17132,16.72,-1182,-117,964
-848,4884,16836,16.67,-484,86,163
-740,5196,15064,16.72,1196,-631,909
-324,5708,15704,16.72,-836,-1168,507
748,6036,17676,16.67,-1052,-374,-1318
932,5028,16100,16.62,-223,-216,-523
-572,4752,17156,16.58,-805,-876,-593
-560,5224,14892,16.72,-354,-993,1238
-1048,5744,16204,16.67,1768,-175,1619
-820,5584,18752,16.62,1965,1116,966
-1268,5156,20160,16.67,194,499,1109
2320,5000,18660,16.72,-20,440,715
-1508,3980,16128,16.77,-503,1080,229
672,5008,15560,16.62,429,271,-443
-384,6224,16500,16.72,212,-1196,-520
2272,6440,14204,16.77,-237,-1474,-1876
-1020,5152,20176,16.62,-835,-399,-2992
-1084,4284,17972,16.77,280,-1189,-2757
-1416,4736,15284,16.67,-347,-685,-2171
-104,5360,15620,16.72,-152,-96,-1412
-684,5864,16668,16.77,1088,400,-214
-1640,6368,18204,16.77,1498,1075,1044
-1992,5784,16016,16.72,80,578,1329
-152,5496,15508,16.62,-766,-120,24
-92,5440,16620,16.67,-538,183,303
360,5640,16332,16.72,164,-273,140