aX,aY,aZ,temperature,gX,gY,gZ
-1088,2948,16796,17.99,103,3149,-482
-2308,3100,17060,18.08,-436,-126,98
-152,3432,17136,18.04,-662,-382,170
-872,3368,16028,18.08,-296,343,341
-984,3220,18044,18.08,-318,473,456
-1284,2836,16732,18.08,341,1525,-750
-1316,3032,17588,18.04,-356,1415,-60
-1500,3004,18040,18.13,87,422,904
-1632,1912,16036,18.08,-102,-622,-150
-1972,3128,16388,18.04,173,-982,165
-2016,2516,17424,18.04,95,-297,289
-1604,2704,17760,18.08,-393,-755,326
-1992,2416,17292,18.08,-193,-636,254
-684,2788,17452,18.04,435,-418,195
-1300,2780,17664,17.94,906,-1037,258
-728,2656,17664,18.08,52,601,-354
-1172,3272,18096,18.08,-184,968,281
-816,3016,17200,17.99,22,1656,757
-1860,3056,16396,18.04,302,825,-309
-916,3116,17160,18.04,564,-94,546
-1068,3316,18032,18.08,202,-91,-299
-1740,3108,18168,18.08,61,-172,39
-1252,3248,17148,17.99,-1009,-872,565
-1456,2872,16288,18.04,-174,52,30
-940,2932,17136,18.08,-90,221,199
-1268,3128,17196,18.08,-724,727,-351
-1232,2896,17580,18.13,11,52,172
-496,2968,16764,17.99,-544,-377,232
-1384,3020,17140,18.08,-177,167,-337
-820,3340,16604,18.13,-89,643,-85
-2128,3720,17324,18.08,-42,-237,1090
-652,4000,16784,18.04,-892,-95,-350
-1480,4120,16128,18.04,-705,844,146
-1304,4360,17104,17.99,-539,74,-409
-552,3952,17984,18.08,-679,-302,57
-1724,3208,18088,18.04,-499,-422,-696
92,756,18460,18.04,2394,164,-409
-1332,2016,17148,18.08,1724,1316,-1339
-1552,2060,17088,18.04,1254,170,287
-2004,3260,16104,18.04,771,-1065,402
-1876,3520,18300,18.08,-686,-896,233
-1260,4280,16232,18.04,-1416,178,573
-876,4104,17856,18.04,143,19,534
-1784,3272,17836,17.99,1914,1074,2021
-1928,1724,21104,18.13,-1567,-157,-8
-1780,2088,16252,18.13,-222,177,1545
-920,2768,15764,18.08,-416,1357,265
-1752,3036,15872,18.13,369,-267,118
-2004,2872,16836,18.13,22,498,-730
-628,2932,18396,18.04,-49,-651,-1630
-612,2832,18348,17.99,-474,-497,-1655
-1128,2380,18160,18.08,1071,259,-1281
-460,2384,16120,18.08,60,354,-1125
-212,3428,17808,17.99,169,-317,-240
-1212,3168,16384,18.04,24,-377,582
-1420,3924,17428,18.13,-585,-23,638
-1336,3984,17668,18.08,95,340,700
-268,4504,17200,18.08,128,270,295
-2136,3556,15488,18.13,785,2376,1017
-744,4048,14800,18.08,-1584,1960,76
-352,4164,15068,17.99,-617,568,1078
468,4696,15880,18.04,157,116,644
-2016,4708,18304,18.13,-580,-1330,75
0,4492,17096,18.08,557,-909,-692
804,3640,15480,18.08,318,2822,-1834
360,4052,16536,18.13,-93,-72,-545
-1148,4136,14192,18.13,1031,-136,550
-1292,4776,16592,17.99,1007,-278,-229
-1328,5020,18456,18.18,280,388,1030
-2984,2820,19912,18.04,-459,604,2488
-1492,2448,15904,18.08,-2593,547,316
-1344,3624,14584,18.18,651,400,2585
-488,4076,15324,18.04,2580,-616,660
-760,4732,22740,18.08,2155,-1330,-990
-564,3664,18620,17.99,-833,691,-2361
1732,2920,14120,18.13,-940,-588,-955
-2480,3076,16768,18.08,-119,-87,-499
-1064,3772,18116,18.04,1022,-1018,-321
-2012,3364,21288,18.08,2813,-457,-803
-2264,3140,21472,18.04,-718,-700,344
-2020,2808,15788,18.13,-1110,-1373,1049
-2988,2712,17016,18.08,-1243,678,530
-1540,3536,14476,18.13,724,31,-231
-2840,3716,19776,17.99,711,-1793,-828
-2644,3080,23044,18.08,-1157,-1047,-2286
-1300,2908,18016,18.04,587,-346,389
144,2848,15100,18.13,-1214,2201,-2024
516,3764,13148,18.08,-128,799,-147
-724,4724,16236,18.08,131,774,-290
480,4760,17332,18.08,-1108,896,1100
-2468,3180,18708,18.13,325,1120,1026
-524,2748,16484,18.08,-2792,1359,-922
-72,3164,13888,17.99,1214,-465,12
-80,3824,15904,18.13,1640,-157,-931
1460,5412,17160,18.13,-590,-572,-1873
960,4072,18056,18.08,503,4118,-3280
2128,3344,16880,18.13,-816,-532,-1548
-2912,3376,13824,18.04,786,548,164
-908,4320,17744,17.99,1327,-640,-538
-2696,4636,18364,18.08,1413,-700,821
-1024,2720,21472,18.04,-679,-58,663
860,3260,14424,18.13,-3668,-1220,712
-716,1644,18120,18.08,-437,-1510,2574
-756,3340,15300,18.08,1400,-1723,462
1332,4180,19004,18.13,588,-189,-1879
972,3204,19940,18.08,-1254,1251,-3038
1708,1992,12276,18.13,-2471,-154,-2916
-1096,2556,13644,18.08,-1170,-33,-377
1048,3524,17596,18.13,-1049,-364,270
-392,2644,21164,18.04,1887,-1753,1371
348,1144,22068,18.08,203,-312,172
1860,1748,14740,18.13,-2472,-1842,2122
-176,340,16528,18.08,383,590,-127
-804,2408,18320,17.99,4141,-1065,-852
-2696,1684,21516,18.08,456,-1116,-2281
1296,2236,21516,18.04,45,-945,-2672
1280,972,14840,18.08,-28,-215,-1270
-604,2664,15292,18.08,162,1902,-851
1588,3520,14316,18.04,905,858,736
136,3548,17460,18.04,2365,717,-366
-668,4032,18916,18.04,-2314,1486,439
-2564,1920,17848,17.99,-70,514,3285
-2396,1384,16992,18.08,-861,431,49
1436,2356,12924,18.04,1262,-577,2125
-464,3432,15096,18.13,1621,-637,-390
1424,4196,19228,18.08,-60,-2787,-869
-440,1924,19236,18.08,-278,221,-221
1588,1520,14868,18.04,-1472,240,-605
-3932,2172,15644,18.04,135,605,47
1596,3672,16152,18.08,1374,-287,792
-516,2864,19256,17.99,2787,19,-748
-396,1980,22696,17.99,-1004,-672,1089
1316,1828,16540,18.04,-3001,-1580,2386
-1316,1592,16220,17.99,-2702,-979,634
580,2584,15392,18.04,1128,322,-1038
840,3416,18916,18.08,1459,-1621,-836
-500,1632,23328,17.99,-1891,-666,-1660
-1868,812,16164,18.04,26,924,1129
-1116,1712,15404,18.13,-2493,1770,-588
-1300,2940,14100,18.08,69,1019,1285
-1124,3808,19048,17.99,2400,1442,519
856,3620,15488,18.13,1901,3366,1601
-1880,2388,16748,17.99,-437,2034,2627
768,2456,15344,18.18,-2724,1833,1082
1848,2820,12652,18.04,1263,204,4043
1860,3236,18092,17.99,2495,-908,161
2172,3064,17444,18.13,438,509,-2019
-2248,1780,17648,18.04,-515,1676,-1280
2132,2364,14616,18.18,-559,49,-709
-1628,2424,13552,18.08,2032,-2101,1606
-1404,3268,18460,18.08,2286,1572,-414
-1492,3332,18136,17.99,1349,2898,566
-3376,1360,18028,18.04,792,2005,-77
1300,2256,15404,18.13,-1647,1377,-1783
852,3224,13272,18.04,1197,710,-403
-1336,3632,14220,18.13,619,325,-500
340,4692,17616,18.08,763,-1861,-347
-680,3072,19036,18.04,15,928,-1590
3020,2004,17224,18.04,-1398,-1169,-1310
68,2492,14536,18.08,-707,514,71
528,3332,16696,18.08,-707,1390,-2
1088,3744,20924,18.04,875,956,-1019
-2352,1488,22908,17.99,-1014,-1216,394
560,1344,13796,17.99,-5900,-209,640
172,2576,14912,17.94,-150,2397,959
1628,2764,12420,18.13,1897,-384,627
324,3092,19044,18.08,778,-1356,-1835
-296,1612,21032,18.08,-450,-672,-2515
292,1544,17328,18.04,-840,-138,-1165
-1716,2476,13724,17.99,-1168,428,-2383
2764,3808,16664,18.04,-135,-164,-121
1260,2856,20308,17.99,1619,3029,89
-260,3204,22168,17.99,-1371,274,638
-2908,928,16132,18.04,-670,-1841,1144
-2344,1916,15252,17.99,-1072,-1812,488
944,2440,16668,18.04,-736,1200,-2854
-1628,4072,18772,18.04,1997,-1285,-1882
340,3080,18904,17.99,2,-444,-2653
-2096,2068,16552,18.08,-1329,810,-1552
1980,2824,15788,18.04,-2763,1528,-1255
172,3392,11576,17.99,-363,-129,805
-976,4120,18072,18.04,1740,404,282
548,3564,15740,18.04,705,1250,1275
-568,1864,17088,18.04,-237,1198,1755
232,1512,17504,17.99,-2180,1487,207
1380,2832,12096,17.99,1387,593,375
-488,2160,15888,18.04,2411,-93,-415
2352,3228,18340,18.04,-814,45,-3143
-100,2676,19652,17.94,-67,255,-3857
308,2256,16160,17.89,-1349,122,-774
-1228,2628,13648,17.99,1505,-1265,1815
-724,3788,18492,18.04,2911,-159,1082
-620,3844,17096,18.04,2496,1057,2347
-908,2092,18332,17.99,167,263,2257
696,1800,15660,17.99,-1509,64,707
2372,3592,14916,17.94,2205,-2579,1482
1076,3764,15088,17.99,1744,255,443
2008,3732,20816,17.99,311,-333,-370
1620,3776,17820,18.04,-1067,-414,-2911
1784,2292,15004,17.94,-1863,441,-707
-968,2784,15456,17.89,-311,970,-107
180,4176,17560,17.89,1028,894,-409
-2020,3056,21600,18.04,1461,2573,-96
-1664,2040,19656,17.94,-3235,15,-190
-288,1980,18848,17.94,-1230,-3089,2746
-1312,2132,18368,17.89,-527,1,-164
-1404,2796,15652,17.89,847,-279,-592
-832,3168,18824,17.94,764,-993,-1057
-868,2200,20100,17.94,-2088,600,-4257
-472,2544,18812,17.94,-1793,514,167
656,2860,15496,17.89,-1509,2031,-1311
1332,3556,13848,17.99,73,1300,149
484,3784,15912,17.94,1676,1760,104
256,4228,16652,17.94,-630,2070,247
-5284,1340,17728,17.94,-718,1808,1343
-2256,1992,16884,17.99,-1858,1024,342
-600,2172,14108,17.89,835,-385,1408
260,3064,15544,17.89,905,-717,-413
1460,3944,16416,17.99,885,-1697,-1997
-1424,2160,18664,17.89,-1722,161,-673
3868,1676,15168,17.89,-1451,-614,-815
-1328,2340,14248,17.94,1241,470,113
-1188,2680,18160,17.85,2075,-196,174
1988,3076,23624,17.94,2069,961,1537
-2620,476,22628,17.94,1398,-1648,169
-392,1176,16084,17.85,-2463,-1356,919
-712,1552,16080,17.99,1492,-898,1374
-1424,2656,16600,17.99,1524,-1211,-280
-1432,3344,21584,17.99,391,-317,-2052
680,2132,22016,17.89,-1077,-552,-2335
1496,2348,14932,17.99,-979,99,-632
-1924,2640,14520,17.89,-540,1452,-2060
-548,3624,15892,17.99,213,754,-902
-352,2992,21500,17.89,2329,710,-595
-3096,1732,24840,17.89,-2593,685,1314
1704,2336,16636,17.89,-2123,-1787,2443
-2508,2032,16540,17.85,-837,665,28
-1428,2696,15124,17.94,1562,-231,-630
-1080,3116,19656,17.94,1271,-920,-1621
-764,2708,20780,17.89,-871,-354,-2390
196,2932,16284,17.89,45,825,-752
-492,2800,13828,17.89,670,2991,-1414
228,3676,14852,17.89,561,-153,-131
-1360,4020,19416,17.89,1191,206,-85
-996,4568,19388,17.89,-1812,729,246
-952,3448,16792,17.89,-869,1494,1926
-2576,1776,20156,17.89,-3007,250,-380
-172,2972,16108,17.94,880,-694,541
-2148,3456,19044,17.85,209,-3096,154
-104,3628,21556,17.89,-1462,226,-2322
-1940,1584,18536,17.89,-487,2258,-569
1548,1708,16692,17.8,-1545,755,-1050
996,3036,13832,17.89,356,-820,628
632,4340,16780,17.85,1913,421,250
48,4728,15824,17.85,1095,1178,248
-3212,2216,19664,17.85,210,1292,690
668,2700,16596,17.85,-921,-643,19
100,2788,14388,17.71,1880,-772,2353
284,4212,17040,17.89,3343,-3348,972
96,3872,18096,17.8,201,77,-1496
444,3068,21000,17.89,-961,166,-1691
264,2340,14564,17.75,-420,-2009,-202
-3328,2904,17664,17.75,1344,-989,12
-676,4200,18496,17.85,1236,1905,-280
-2016,3944,20108,17.85,2370,1684,328
-1580,3232,19972,17.89,-840,-1153,2278
-476,2172,17132,17.85,-1266,-2767,1391
-1012,2820,17360,17.75,881,221,2720
-352,3432,16384,17.8,2870,121,-590
-1788,4064,17736,17.8,2307,-1957,2010
-1500,3360,18808,17.94,-498,-2409,-2996
1176,3772,17588,17.89,-562,-433,-1327
-2916,3064,15924,17.89,2519,2533,636
312,4068,16352,17.75,224,-294,449
-2236,4604,20768,17.85,67,-635,294
-2180,4672,19472,17.94,-3404,1344,-559
-2368,2844,16880,17.89,-2686,33,848
-884,2308,13724,17.8,-3276,1983,-413
88,3508,14372,17.75,93,-473,-126
464,4208,17556,17.94,1534,-1338,-199
-856,2476,23628,17.89,-2300,-768,-2236
-1548,1788,20200,17.8,-1042,843,113
1036,3500,16356,17.85,1306,507,-2093
2288,3992,12928,17.75,739,1253,-322
228,4148,16656,17.89,1440,244,1229
448,4648,19492,17.89,-215,2156,845
-1744,3480,15776,17.8,-938,2681,644
1404,3440,14616,17.85,-2153,729,-410
1196,3544,13816,17.85,602,-124,-606
48,3892,15280,17.85,766,-306,-530
2852,3964,18312,17.89,166,779,-1699
-1324,2348,18752,17.8,-2532,1876,-1816
116,2632,16288,17.85,-1516,-1884,-257
-2948,2728,14544,17.85,3086,-561,-674
-1100,4188,16116,17.8,2034,206,466
-740,4944,18876,17.8,2088,555,1212
-3036,2868,18932,17.8,-781,-416,1094
2456,3244,15496,17.85,-1171,-2072,1924
-52,2808,14020,17.85,1154,-1855,2623
-428,4140,16496,17.89,1578,-842,-109
272,5080,20316,17.89,1292,-1893,305
768,3560,19036,17.71,-736,1675,-2655
1940,2884,15596,17.8,-1765,-421,-1056
-652,3040,14288,17.85,149,680,413
-800,3264,16068,17.75,1164,1863,-524
-1012,4132,19596,17.8,1723,-200,-1036
-472,3232,22936,17.8,-1364,-499,1729
-1172,2264,15112,17.8,-1114,-1413,1565
-1948,2128,14732,17.75,-883,860,353
-468,3756,16396,17.85,281,1386,287
188,3812,19180,17.85,896,-642,-490
2576,2792,22004,17.89,-636,-2647,-1997
1360,2216,15816,17.8,-1747,-1767,-1831
-184,3188,13752,17.85,631,3318,-1809
412,4264,16096,17.85,1855,700,390
-96,3772,17988,17.85,2386,-233,1072
248,3676,20028,17.8,-2252,-1259,905
1512,3404,18212,17.89,-2181,-347,1996
764,3472,16304,17.89,608,1169,-439
-80,3880,14484,17.8,1397,-353,-1309
-872,3416,19552,17.8,535,-1236,-1506
-48,4312,23156,17.85,-1074,-3793,-2862
-2652,3460,16556,17.85,-1507,835,-481
-1608,2788,16460,17.89,-1849,1579,-548
1064,3988,15992,17.8,795,500,3272
-1000,4484,18324,17.8,1492,1773,-179
2848,5468,15844,17.85,-416,1571,676
-920,3376,16824,17.75,-2072,2031,2082
760,2752,14720,17.8,-2382,1390,577
2964,3700,12292,17.8,982,-1099,1409
1660,3904,14888,17.8,1157,-479,-335
3364,4372,17476,17.94,-1597,-832,-2067
272,3260,17772,17.85,-1489,2122,43
-192,2272,16684,17.85,-715,1319,-1123
316,3596,11808,17.85,1129,192,1331
844,4144,18608,17.8,2615,760,-831
216,4676,15852,17.89,1956,3061,1944
-604,3124,17340,17.71,-16,1196,1065
3908,2696,19704,17.8,-3556,-3117,2368
-2472,2268,15208,17.8,549,-1491,940
-392,3384,16760,17.89,491,-767,-1399
2352,4724,18296,17.8,-735,817,-3208
1996,4036,18568,17.89,-1624,499,104
1012,2320,17084,17.8,-1189,-176,-730
-876,3096,16168,17.66,1005,-454,-302
-776,4596,17396,17.85,2858,-696,-775
-36,4100,16172,17.8,2235,2885,-283
-2276,2748,17708,17.8,-1549,-353,341
380,2320,17328,17.8,-617,-1452,1062
-624,2700,12728,17.85,1500,-1442,790
-1280,3284,13444,17.85,1293,-18,-1441
3684,5176,19300,17.8,1640,-3882,-30
-3488,2056,20080,17.8,-572,-1851,-750
-1548,1496,19096,17.85,-1963,-2094,509
-2540,2516,14496,17.75,-50,1081,-1518
948,4824,17992,17.8,1691,1840,-433
252,4340,16832,17.8,2661,3478,1357
-4012,1400,24752,17.75,-1673,-4152,2259
-732,1516,18972,17.89,-2028,2252,-1295
1920,2912,14896,17.8,-1343,-466,-186
728,4124,14928,17.8,570,13,-143
828,3404,20604,17.8,1264,-1624,-220
-496,3532,20984,17.75,-1508,-437,-2233
1412,1652,17300,17.75,-1529,-120,-224
-1764,2732,11376,17.71,-273,2484,-2047
2008,4116,18620,17.8,1511,-453,-574
-1628,3200,21092,17.71,4180,-645,265
-3104,2128,23648,17.75,306,-1927,-766
676,3036,15288,17.85,-4192,15,1579
-412,2264,14836,17.71,-198,-2546,2301
384,3308,15704,17.71,121,2265,-1613
-528,3968,19120,17.8,994,-731,-1261
912,2380,23036,17.8,-2528,-2303,-645
1324,1948,17456,17.71,-284,1939,-1360
-1688,2020,15640,17.8,1075,944,-1120
1260,3664,17812,17.8,-53,1495,-755
424,3188,19320,17.75,-479,716,1655
-2728,1840,22848,17.75,-1883,-845,1107
948,1148,18464,17.8,-4056,-671,675
1580,3092,15080,17.71,290,-1443,338
-1204,2900,15228,17.8,945,-1029,-536
-1064,2992,20900,17.71,355,-1365,-644
-1712,1852,22888,17.8,-2346,-841,-2541
-1124,1968,16548,17.75,-953,327,-817
-312,3000,13176,17.66,1328,2622,-277
1984,3732,16372,17.8,2455,670,715
-1048,2736,19380,17.8,1706,208,1030
-2180,1972,24052,17.8,-1414,-1116,1239
-228,2092,16696,17.75,-1802,-2068,1048
-1364,2324,13440,17.75,-85,-489,1069
-392,3120,14728,17.75,1030,713,-1309
-268,3880,21444,17.71,-7,-558,-1136
1128,2256,23436,17.8,-834,-680,-1092
-232,940,15776,17.71,300,-1212,-1043
-1092,3460,14136,17.71,1357,1398,-254
-436,4124,14276,17.75,959,572,-478
512,3972,19656,17.71,1301,910,110
-2420,1720,25592,17.75,-1331,-31,-474
764,2772,18140,17.66,-819,-1197,-1611
-5224,1380,19708,17.66,-791,300,-710
-1568,3408,15344,17.71,1228,450,-625
-220,3720,17964,17.66,62,-950,-1075
-308,2288,23340,17.75,-1710,284,-3226
72,3040,17636,17.66,-439,127,-1013
-1080,3080,13364,17.66,-526,1938,-877
724,4216,12884,17.71,196,-381,947
-356,4024,19992,17.75,1202,759,664
1144,4804,20060,17.75,-999,1408,-339
-1132,2732,17808,17.75,-685,865,1553
-1420,2436,14904,17.66,-1202,1076,-223
880,3652,14360,17.75,915,-153,440
820,3996,15536,17.71,1201,-144,-691
1544,4260,20468,17.8,-1993,554,-2389
-756,3208,20100,17.71,-1022,982,-509
232,2720,15724,17.71,-429,16,-1359
-996,3260,13392,17.71,1670,-1047,872
844,5084,17144,17.71,2531,-3122,667
-4560,3340,17736,17.71,634,2134,1347
-3776,2384,20436,17.66,-2322,1422,-914
-632,2604,19652,17.66,200,-632,-1590
-4520,1884,15764,17.66,2160,-2489,2598
-892,3664,15896,17.71,2198,-1026,556
-4192,3736,22028,17.71,-609,-2118,1296
-2712,2964,22844,17.8,-2218,977,-1042
-112,1832,15716,17.71,-1426,-131,727
116,2960,13824,17.75,-461,624,436
688,4060,15044,17.71,-466,461,260
416,3676,19560,17.66,1891,684,-24
-948,2860,23016,17.66,-1320,2075,-416
-2628,2044,15968,17.66,-2020,974,828
-688,2428,14472,17.71,-1742,-48,909
2012,2816,13004,17.61,-12,-331,1425
172,2696,17816,17.8,-745,916,-1147
-1424,2140,21132,17.71,-1388,3059,-3566
-48,1780,18052,17.66,-171,540,-441
1324,2084,15328,17.71,-774,1196,-1255
140,2752,14528,17.57,805,150,652
392,3920,16472,17.66,2327,1044,216
712,3260,15376,17.75,-342,146,-14
-584,2848,16964,17.66,-521,1467,2735
-2628,1256,14904,17.66,-960,-984,418
-964,2272,15360,17.66,1281,-1096,1838
-1124,2540,16332,17.75,3027,-5006,-154
380,3040,19500,17.75,-757,1273,-2666
288,2540,18364,17.66,-1358,2819,-2406
1016,2244,16116,17.61,299,-815,-922
-2588,2120,15840,17.71,1873,-1508,1451
-2280,3124,19280,17.71,1382,-1444,44
-572,3188,19856,17.61,1155,977,29
340,2108,19680,17.61,-749,-53,1210
-1252,1864,17520,17.71,-1324,-175,-564
-3128,1776,15652,17.71,2004,-1259,1009
-1280,2752,16256,17.61,3157,-1454,-647
3380,4536,19620,17.66,2417,-416,-1195
-4692,2700,19020,17.75,-1360,1314,-53
-600,1664,19780,17.52,-673,-2264,-428
-3736,2200,15524,17.61,913,-497,-559
308,3948,17160,17.61,-288,219,-735
-1080,2684,20412,17.71,2976,110,33
-2236,2304,20884,17.61,699,-1908,2316
-780,512,21612,17.57,-2738,-2657,1103
-692,2360,17060,17.66,-377,2186,-1530
1008,3756,15192,17.71,2538,672,-1724
-200,3292,17316,17.71,2008,-559,-2880
-20,2800,21996,17.61,-2918,381,-1588
596,2516,14992,17.71,-1900,2368,-47
992,3084,15516,17.71,-994,1362,-859
1540,3520,13360,17.66,170,965,1065
56,3608,17404,17.66,615,637,1256
600,3568,20332,17.47,-1323,-134,39
-104,2624,16592,17.57,-1966,1880,2582
-2232,1488,16236,17.61,-1507,1447,316
2048,3404,12508,17.61,1656,-798,2020
-348,3356,14928,17.61,1938,-220,-282
2052,3540,17784,17.57,-1000,-533,-3045
-2396,1512,17348,17.57,-1817,1804,-447
1248,1244,17436,17.71,-2368,-655,32
-2396,2104,14520,17.61,413,-1738,1548
312,3432,17808,17.66,2651,-298,1052
-556,2532,18560,17.47,3804,975,650
-6364,532,21528,17.57,-1967,-1160,1945
-1896,104,23348,17.52,-1700,-2515,884
-3688,1704,13896,17.61,-61,1634,1976
48,2512,16856,17.52,1472,-978,-251
-604,2916,20516,17.52,849,-1163,-912
708,2736,19140,17.52,-1034,147,-4060
748,1804,17932,17.52,-114,23,-1687
-1680,2044,15184,17.66,-337,312,-479
104,3248,15844,17.66,-599,-681,-576
-1832,2080,22792,17.66,1987,1598,-1376
-2348,1576,21016,17.61,-818,-2281,2083
-620,1552,18084,17.52,132,-2156,738
-2572,1880,16828,17.52,-44,308,589
-344,2756,16864,17.52,-71,224,-420
-1836,2232,21324,17.61,432,-2270,-886
1916,2784,24576,17.47,-2028,1302,-2990
-1112,1772,15604,17.57,-362,995,-1111
-1700,2396,15080,17.66,585,475,-1946
1020,3660,15912,17.61,1565,86,-475
-1596,3052,18088,17.52,1558,-1527,645
-40,1892,22848,17.52,-2157,-2535,2378
-436,2132,16876,17.66,-2250,996,1204
-2016,2548,16588,17.57,882,3242,549
-1664,2708,14568,17.57,941,1052,-1402
-1964,2952,19588,17.61,-171,-1764,-39
-1000,2120,23752,17.52,-2089,917,-1878
28,3052,15244,17.47,545,69,-855
-948,2716,13864,17.61,-407,1875,-1732
1156,3956,14884,17.52,112,-328,-605
-2968,3592,17956,17.57,2471,641,270
144,3964,19420,17.52,-1818,1428,-233
-4772,1200,16048,17.61,-3269,2929,581
1988,3720,13780,17.52,-570,2468,-1843
-464,3232,12448,17.61,1759,887,906
-4288,1656,19952,17.57,-104,1994,1153
-4264,1136,21356,17.61,-963,822,-5887
3816,3552,15208,17.52,-772,-2652,-2004
2820,3908,15132,17.57,-477,2298,-2641
1936,3276,14028,17.57,1047,-110,2362
608,3656,17928,17.61,2049,-754,2532
-3196,2304,24496,17.52,-2499,499,108
-1880,1972,17816,17.38,-1665,198,2284
-1760,2052,15164,17.57,-1293,1249,746
312,2604,14200,17.61,1371,-1075,939
-1888,2568,16012,17.52,-1150,-827,-778
952,2236,22620,17.61,-3974,764,-1824
-668,908,20900,17.61,613,855,-1393
1692,2032,17112,17.47,595,-685,-1988
-2860,3116,12560,17.47,1329,228,-91
-1248,4052,18464,17.52,2452,-1210,1725
-1600,3604,18672,17.61,2000,787,1790
-2880,1372,20668,17.57,-209,-606,2390
-168,1524,15188,17.47,-964,-48,1351
232,2320,15080,17.47,1493,-1206,2439
816,3092,16432,17.47,2583,-1078,870
720,2940,19644,17.57,1230,-2608,573
-788,1768,21004,17.52,-496,-1198,-1745
-404,2016,17092,17.42,-1721,161,-1247
-2292,2372,15232,17.52,-694,859,-934
80,3864,16668,17.52,-278,140,-452
-1252,2032,21976,17.52,2101,565,290
-2224,1396,23700,17.47,-145,130,449
-896,1500,17584,17.42,-2205,-561,745
236,1568,18492,17.57,-1655,-180,-384
-1644,1964,15000,17.42,1167,1624,-1329
-220,2776,15528,17.52,-699,-1089,-1698
1900,1996,23036,17.42,-2261,1089,-3324
1412,1836,16312,17.57,1872,2621,-2026
-1256,2492,15072,17.47,1452,-667,81
-2132,3300,16184,17.42,1576,344,1681
-724,3192,19516,17.52,2951,575,449
-2212,2116,20640,17.57,-2648,1403,-2677
-1300,2136,16248,17.42,-1844,1507,304
416,2200,14436,17.42,-1706,527,-1161
1128,3104,12608,17.47,697,544,-1733
420,3676,11508,17.47,1278,-1858,2172
1600,2488,17068,17.52,-1095,-1357,-643
456,2604,20588,17.52,-2366,-163,-2095
-24,1632,13396,17.52,-1001,-550,-2452
964,2440,13148,17.42,3645,-223,-879
-4,3452,17864,17.52,536,-1198,981
-3420,1460,22484,17.42,243,932,460
-3412,1688,22496,17.52,-3125,1424,-180
-1868,1908,17844,17.47,-1062,513,1291
-496,2168,15160,17.52,-1068,313,1345
476,1608,16552,17.52,1396,-1298,961
1288,1712,21256,17.47,1009,572,273
-2512,1712,22852,17.57,-412,-1510,-3592
852,1616,15068,17.42,-338,1989,-1869
1128,2440,13544,17.42,215,947,-1254
2052,3252,14884,17.52,1033,232,602
760,3100,19316,17.52,1253,777,-16
-2624,2504,22756,17.42,-2525,1456,-19
-1032,1560,18016,17.47,-1025,668,1570
-620,1460,14428,17.38,-500,995,-269
292,3048,12540,17.47,1676,-675,965
1544,3180,16956,17.57,820,-298,-864
1944,3644,20160,17.47,-1077,191,-3863
-1372,2240,19196,17.47,-504,358,-1657
-40,1968,17352,17.47,-1103,-1397,-968
-3584,2152,15300,17.42,565,-628,-35
-2688,3932,18060,17.52,990,218,97
-1472,2772,22988,17.42,1697,173,2393
-4544,1544,23196,17.42,-1175,-1321,1312
-580,1400,16324,17.33,326,-485,1573
-3652,1592,15040,17.52,-1271,779,210
796,3064,15076,17.42,-109,-580,520
-1412,2844,16968,17.42,801,-1373,-470
-976,1992,20964,17.47,-1394,1344,-3121
-228,1944,19180,17.47,-815,764,266
504,1976,17920,17.47,-332,-834,-1146
-608,3376,15252,17.47,418,462,117
-296,4020,19012,17.47,840,158,680
-2572,3196,20640,17.38,1564,763,1676
-3072,816,23036,17.33,-880,-1628,2355
-2528,1144,16936,17.42,-241,-981,1954
-1396,1520,13872,17.52,-1418,964,-338
1208,2896,15044,17.33,2215,-423,-1501
-2136,2336,18188,17.33,1795,-1163,-2077
-1128,2468,19448,17.42,-1390,-1671,-3662
1976,3220,16508,17.47,-50,265,-962
2916,3000,16828,17.42,549,124,-170
-368,2852,14492,17.52,643,-50,1012
-232,3772,18080,17.38,431,1074,521
1368,3764,19124,17.38,376,3030,1097
-2200,1808,20428,17.38,-339,59,3091
396,2044,17312,17.38,-1285,-4,1379
-2496,1924,16136,17.38,-634,-315,1670
-1440,2712,15452,17.38,1117,-293,827
-2640,2328,20124,17.38,731,-1621,-278
-40,2040,20716,17.47,-2240,845,-2531
680,2188,15576,17.47,-1058,354,-1481
-716,2172,13464,17.42,-37,399,-1058
-384,3036,14236,17.33,-141,-1039,381
-1220,2868,19552,17.42,1093,-365,498
1976,3904,19452,17.33,-1381,1981,-1699
-2572,1788,15740,17.38,-719,1227,2039
-2692,1316,17952,17.38,-39,-1142,645
-972,2516,13828,17.38,1320,-1824,890
236,2928,17636,17.38,1482,-2914,-80
2416,2940,19128,17.52,-790,2198,-4597
-1000,1264,20332,17.42,-652,-304,-2590
-1464,1856,16896,17.33,-714,-1602,-2395
-1944,2492,16144,17.33,395,314,-466
-1536,3900,17504,17.42,1544,349,104
-596,3128,18964,17.38,3407,-383,993
-1800,1912,22444,17.38,-672,200,924
-1716,1204,19132,17.38,-1460,-893,663
-1216,1772,14768,17.38,-742,1059,109
132,3148,15860,17.38,1074,-334,250
-1656,2948,18348,17.38,-272,-846,-545
-1712,1908,19844,17.38,-2382,347,-4235
1420,2352,15180,17.33,-214,1006,-779
1564,2704,14864,17.42,212,585,-250
272,2932,16916,17.42,969,135,1670
572,4440,18524,17.42,1647,1898,797
2196,4724,16608,17.42,-609,3024,-103
1492,3636,16740,17.33,-1548,412,4097
-1044,1904,15816,17.24,-1517,-1096,1137
-1184,2368,15524,17.42,1287,-2386,2259
76,3208,17904,17.42,1434,-1547,-157
1164,4308,20460,17.33,-451,-1786,-1254
-2464,1920,19180,17.42,-1629,-20,-4707
16,1992,15248,17.42,-1851,1651,-2190
636,3264,14352,17.42,-330,2672,-468
848,4384,16952,17.42,446,204,1334
-1904,2784,20624,17.42,2751,9,867
-3776,1576,21908,17.33,-1353,-601,492
-772,1960,16380,17.42,-2519,-449,2224
248,2640,13728,17.33,-1432,1514,355
40,1716,15744,17.42,418,-3257,1375
-2452,2180,20748,17.38,1644,783,229
-4820,1880,20196,17.38,-19,-288,-1339
-16,2060,15972,17.38,-746,2838,-3377
-676,2488,16008,17.38,-570,1758,-1237
92,3372,14964,17.38,-227,335,699
-2340,3104,20060,17.33,1169,1838,1205
-1432,2800,17480,17.47,-1619,686,164
-3496,1336,18344,17.38,-558,49,517
164,2312,16932,17.38,-11,186,1047
316,2660,13372,17.33,1136,-676,1276
760,3652,16156,17.47,524,78,-1080
1380,2764,18044,17.38,-1321,-315,-2880
-944,2136,19608,17.28,232,-1695,-639
-1780,1672,18052,17.42,-720,-411,-1464
-1736,2796,15312,17.38,923,445,-16
-1788,3928,16944,17.38,1714,1546,722
264,3900,16476,17.38,2359,176,2058
-2652,1992,19660,17.38,-167,-678,2276
-1184,1784,13916,17.38,-1080,-1816,1565
-1000,2600,15472,17.42,-442,-857,1623
-288,3396,17200,17.47,1404,53,-592
-1168,3104,20480,17.38,889,-2834,1425
-1368,1680,22068,17.33,-1418,-1940,-2514
3520,2200,13016,17.42,-182,2004,-2977
832,3480,15480,17.42,-835,1096,-1416
620,4512,16484,17.42,1244,1234,310
1452,4568,16584,17.42,2576,988,219
568,3592,21888,17.33,-1502,-20,-176
708,3888,15208,17.42,-2062,1046,1266
1716,2892,14888,17.33,-955,2045,1198
-188,3160,17664,17.42,983,-1687,1279
-1356,3240,16668,17.42,1565,427,-1937
508,4024,16404,17.33,-1942,-802,-2554
620,3012,18936,17.42,-2459,81,-2831
-588,2128,15924,17.33,-2077,2050,-3711
-1944,2736,14316,17.42,-1140,1930,-1443
132,3928,15884,17.42,-315,1752,-541
1360,3140,19788,17.42,2677,-167,1328
-3260,2036,19592,17.42,-984,-525,633
-1652,2716,17276,17.52,-2500,37,1810
-864,2260,15632,17.42,-1176,16,2240
-128,2740,15564,17.42,958,-765,1656
-2416,2060,18452,17.42,935,57,-712
-576,2016,20224,17.42,-1741,363,-1650
2540,2836,13268,17.42,-273,1997,-570
3052,3332,13768,17.33,-831,1229,526
444,2952,15076,17.42,495,470,1847
612,3660,17948,17.52,2054,1273,1701
-348,3452,19560,17.33,312,1411,1770
-4772,1548,17088,17.38,-488,-95,2975
-2432,2144,17840,17.38,-1844,1335,3435
-736,3168,14836,17.33,821,-244,4267
-1440,3496,16600,17.47,613,637,3982
-1500,2544,19948,17.47,966,-968,2046
-832,3052,19880,17.57,-2562,-1251,-110
1076,2612,17448,17.47,379,1661,1418
76,2300,17300,17.47,-982,-865,1243
-1680,3100,15512,17.38,-285,1176,1885
168,4340,16876,17.47,-228,866,5117
-552,2768,19704,17.47,1401,1143,5235
-1244,2264,17876,17.47,188,473,5200
-1764,2492,16608,17.42,-701,770,6155
-1832,1748,16648,17.47,-1751,851,4905
-404,2840,16180,17.47,305,-1050,5312
-332,3992,16912,17.38,1140,-1328,4065
-1048,2508,21508,17.47,-857,-1391,2398
-284,2072,17064,17.52,-918,-227,-877
832,1912,16760,17.52,1537,1848,228
-1636,2840,15640,17.52,-400,1521,2829
-2036,2488,16080,17.42,1045,1679,3998
-84,4244,17124,17.52,2585,1018,4585
-528,3280,18480,17.42,2783,4535,5404
-2308,2932,18872,17.33,-1616,53,4707
-1900,1532,17040,17.33,-2353,-219,3070
-344,2880,16784,17.52,-626,580,2575
-376,3116,16192,17.42,-798,-121,160
-792,2892,17388,17.42,-320,64,496
-1048,2548,20288,17.47,945,-227,-508
-328,2376,15692,17.47,1150,391,1125
592,2964,17180,17.47,-1029,904,358
-2756,3252,15892,17.38,-358,-759,2574
-1048,3696,18080,17.47,1195,276,1350
-60,4044,17820,17.57,3307,1166,2710
-1988,2788,20052,17.47,-747,-1325,2026
332,2816,17208,17.47,-824,1123,1315
-1880,2412,16208,17.47,-1172,1902,876
108,3476,16476,17.47,1400,-974,1574
-1648,2744,17872,17.57,2063,-1480,-98
-572,2180,21080,17.47,-1909,-2446,-1366
-860,2492,18824,17.52,251,364,-665
460,3164,13884,17.57,767,394,-1175
444,3132,12700,17.47,161,1361,326
-1780,4244,18696,17.47,3494,-2093,629
-4360,4380,18996,17.47,1440,539,-567
-3872,2492,15152,17.57,243,447,1765
-672,2216,13980,17.38,-2204,831,1376
-836,3556,12508,17.47,1435,-1990,2263
-1732,3532,18700,17.52,-240,773,-619
-3444,2740,21064,17.42,-3812,3168,-2995
-2176,1384,18216,17.47,-1304,855,-1099
1820,2488,16060,17.47,-1052,811,-1475
-2856,2292,13724,17.38,415,-1974,1576
220,3944,18588,17.52,761,198,-179
372,3348,14636,17.52,1682,764,1249
-428,1588,16940,17.52,548,799,1639
-196,1216,18344,17.42,-3790,951,403
-3244,1524,18608,17.42,-14,-850,-214
-2676,1856,19280,17.42,257,-1229,-2480
100,3148,18264,17.38,331,287,-2811
-520,1896,17500,17.47,-1874,375,-1441
1296,1468,15648,17.42,-1946,576,-982
-288,1992,13892,17.52,110,499,-720
-132,2908,17416,17.52,1023,201,-256
-1508,2324,17876,17.47,2534,2481,932
-1708,796,22520,17.52,-41,-525,1552
1296,1040,17696,17.52,-762,-2052,1370
-2076,920,16516,17.52,-519,1042,453
-836,2388,16320,17.47,-515,466,-51
-1928,2504,18484,17.57,727,-472,-902
-1340,1056,23504,17.52,390,-495,-2263
424,1636,15848,17.52,46,-106,-1055
-2212,1892,15032,17.52,-1411,957,-889
1872,2824,15176,17.57,407,294,-768
-664,2756,17400,17.47,1673,589,-885
1588,4432,18876,17.52,-322,1778,462
-2600,1668,16484,17.61,867,438,1960
-1084,1172,16576,17.47,-1294,524,34
-936,2232,14516,17.47,1196,-2102,1123
-932,2952,15748,17.47,2070,-589,99
188,3216,19720,17.47,1541,-3471,25
-2080,1596,20036,17.52,-584,-805,-1466
-720,1400,17776,17.42,-481,-2249,-1890
-3168,2208,14424,17.52,718,604,-611
540,3420,16556,17.52,866,55,-483
-856,2164,21152,17.52,1961,610,30
-2692,996,19744,17.52,-93,227,136
-1264,1464,17444,17.52,-2136,-1278,1010
-1096,2064,15320,17.47,-1412,433,1356
148,2592,15604,17.52,411,1738,161
-1132,2228,20412,17.52,445,985,-1536
-136,2080,19296,17.57,-205,-366,-2215
1200,2488,15788,17.47,762,-810,125
-572,2296,14104,17.61,-49,1667,-1799
180,3056,14780,17.52,253,-460,-17
-440,3548,19000,17.42,1844,158,-671
-2332,3200,21312,17.52,-1326,1645,-157
-844,1984,17744,17.57,-1598,973,1013
48,2772,14696,17.47,-2054,1812,502
2064,3084,12568,17.47,398,-2164,890
1500,3400,19052,17.42,650,-870,-1429
-244,2708,21940,17.52,-603,193,-2824
-908,2372,20308,17.52,-1382,932,-640
104,2320,16436,17.47,-1725,1054,-1300
-224,2652,14184,17.47,630,-245,492
-1156,3664,16304,17.57,751,-151,-59
-2468,2512,19312,17.47,1309,2334,832
-2280,1812,20660,17.52,-246,-1877,618
-856,328,18012,17.52,-1498,-1111,1733
-892,1192,16912,17.52,1373,-1559,1638
-1032,2528,16460,17.47,1806,-309,-59
-1400,3012,20084,17.47,1217,-750,-880
-152,1192,20668,17.52,-2037,-177,-2439
596,1364,16040,17.52,-1088,-100,-2396
1440,3348,13596,17.57,-258,1746,-2076
1276,4000,16620,17.57,1781,545,-1306
-1484,2792,19892,17.61,2718,-652,467
-2552,2836,22740,17.61,-650,72,1254
-1344,2076,18064,17.57,-509,420,1282
-96,2676,14352,17.57,-2318,1496,275
1216,3588,12812,17.42,1020,-1154,1011
1952,3312,17488,17.42,902,-593,-1551
-1060,3264,19528,17.52,-1485,290,-1949
968,2712,19912,17.57,690,1176,-1608
-52,2528,17244,17.57,-1313,142,-1409
-1012,3164,14596,17.57,467,-1135,625
-1184,4868,17856,17.47,1056,354,-3
-1488,3120,18828,17.57,2960,1862,1530
-2064,3228,20084,17.61,157,-1379,2080
-456,3048,17368,17.52,-1432,-334,985
-1400,2356,15804,17.52,-210,-1307,1960
-300,3184,16184,17.52,1161,-940,-516
1388,4004,19604,17.57,510,-328,-2654
-1124,3480,21048,17.47,-2053,-751,-2188
28,2104,16588,17.57,-905,282,-1710
-1872,2136,15252,17.52,-1029,1808,-1924
-1184,3600,15808,17.42,-247,647,-157
-1912,2840,20924,17.61,1040,67,774
-2732,1668,22344,17.47,-653,-1962,245
-2676,1968,16432,17.47,-2132,-1218,1463
-1120,1900,14080,17.52,-1378,877,1192
1524,3100,17064,17.52,93,-219,-375
-2852,1436,18888,17.38,520,-929,-2112
-940,1360,21248,17.57,-2410,-691,-1916
476,1376,17932,17.52,-1627,1016,-150
-344,2016,13688,17.52,-503,2165,-445
1896,2744,14724,17.52,-135,753,378
-444,3324,17212,17.57,1756,1246,794
96,3020,17468,17.57,-256,2306,658
352,1548,16652,17.52,-160,-782,2743
-272,948,14728,17.42,-1451,811,583
1684,2940,12776,17.52,-399,-618,1317
936,3004,17300,17.47,1150,-163,-830
2896,3224,19848,17.38,788,-1329,-2081
-3152,592,20200,17.47,-108,139,-589
-744,748,16300,17.47,-674,-1124,-1642
-1524,1696,14832,17.42,136,-423,194
944,3456,17156,17.52,1781,393,40
-3088,1824,19552,17.52,1876,1745,391
-1248,2100,22348,17.52,-3,-1099,1911
748,1408,18128,17.42,-913,-1305,-86
-1664,1744,15512,17.42,606,-40,-84
-324,2404,18480,17.47,1349,804,512
-1900,1804,20048,17.47,430,-1161,-1218
-1552,1176,20728,17.47,-2795,1905,-3274
672,2284,15908,17.57,-1195,-494,-844
-1548,1596,14216,17.61,-42,1724,-1224
-536,2628,14368,17.52,-894,613,191
-308,2564,18552,17.52,1043,-1097,864
-1724,2652,21116,17.42,-2473,2672,-1407
-1508,2016,17396,17.57,-1002,282,1100
268,1308,16644,17.42,-2448,2472,86
968,2480,14524,17.52,1787,-1285,1802
-184,2616,15008,17.42,1482,-1086,-909
2420,3532,19608,17.52,1239,-1594,-2123
-3540,592,20420,17.47,-505,-623,-722
-68,1256,17428,17.57,-1972,-1106,-1197
-2244,1888,14844,17.52,-35,-1142,849
1000,3528,16304,17.42,1561,-540,1283
-964,1820,20808,17.42,1646,-390,1103
-640,1092,22440,17.47,847,-47,165
-928,948,14924,17.47,-2373,-98,1164
-1996,804,17088,17.57,-120,-821,1698
-1244,2024,18004,17.47,829,-366,-607
-1036,2156,22088,17.52,415,-499,-2228
-1672,1304,21908,17.42,-687,673,-4283
1612,2356,17572,17.47,-123,-295,-1627
-1616,2176,14520,17.47,-1082,1063,-1395
1080,3380,14540,17.47,-123,378,-99
1892,4020,15144,17.47,1036,1452,657
448,2568,21052,17.61,-547,685,708
-1532,1932,18292,17.52,-1541,1259,1160
-2104,1408,16700,17.52,-2532,372,868
-112,2484,13544,17.52,183,1426,1403
2124,2920,15208,17.47,1477,-69,-27
3704,3464,16632,17.47,235,-66,-1731
-1312,2088,20292,17.61,-882,1582,132
1296,1532,16968,17.42,-174,-516,-895
-1588,2084,14544,17.42,1037,-1670,539
-1280,3388,16736,17.47,934,-648,-692
-196,3096,20520,17.42,1660,647,1023
-3136,1140,21592,17.52,-60,647,-286
1244,1836,17948,17.42,-1150,-907,543
16,1556,14144,17.42,-146,-513,-8
-604,2620,14268,17.47,335,-113,189
-552,3068,21952,17.47,-3,-1198,368
-544,1596,21792,17.57,-53,1784,-3686
-4,1096,18296,17.52,-367,1,-1215
552,2652,14664,17.42,-550,1289,-1477
1608,3396,14536,17.52,83,266,390
464,3760,18088,17.52,847,859,366
-20,3956,19004,17.57,287,1944,493
-1192,3336,17028,17.52,9,574,1819
-292,2252,15776,17.47,-1849,1048,595
716,2548,15120,17.52,2543,-2509,2357
-332,2392,16272,17.52,1549,-2025,284
3640,3536,18640,17.47,708,-314,-2567
-2740,2492,19556,17.47,-275,594,-3212
-652,1880,17844,17.52,-1207,-928,-1902
-1436,2100,14140,17.52,200,-678,-124
-568,3816,17348,17.57,-201,79,-698
-12,3296,20408,17.47,224,770,361
180,2380,20844,17.57,-98,545,795
-508,1172,17388,17.52,-1844,-622,2267
-772,1724,15796,17.52,-2404,1407,52
1600,2544,13680,17.47,-452,907,-468
260,3108,16056,17.47,230,-640,-1139
728,2124,21456,17.47,-2945,-884,-2785
-1004,1552,18860,17.52,-411,1485,-1257
-152,2080,16660,17.52,-795,1085,-404
1036,2860,14252,17.42,713,-807,1306
1372,3680,16340,17.52,1478,-130,43
-2140,2412,19360,17.52,1570,481,1336
-1896,1276,24136,17.38,576,-1652,981
1340,1192,17548,17.47,-1962,475,-113
1204,2632,13456,17.38,-626,896,1527
-872,2252,13828,17.42,1642,-1263,746
-100,2180,20644,17.52,1135,-927,-781
712,1324,20904,17.42,-541,382,-2975
1576,1844,14548,17.52,-908,-670,-594
-1588,1532,16120,17.52,-98,683,-973
1052,2932,15728,17.52,186,26,286
136,3096,19592,17.42,2418,142,689
-1284,3252,22052,17.52,1372,80,481
28,2836,15020,17.52,541,809,1781
1464,2956,15588,17.42,-669,-200,2016
1512,2996,13720,17.42,247,-1320,1395
-232,3236,18664,17.52,3,-1295,-875
796,3052,20728,17.52,-1164,715,-2851
-324,2192,21068,17.52,-393,1545,-1460
380,2192,17340,17.52,-755,96,-2184
-1764,2904,14076,17.42,487,-421,-160
376,4408,17772,17.52,922,-548,269
-2620,2636,19604,17.52,2175,-140,1235
828,3272,19852,17.61,-856,-476,583
1320,2624,17368,17.42,-319,-65,1285
-3140,1496,17272,17.61,-611,-623,457
-1516,3180,15844,17.52,-374,-67,-480
48,3256,19944,17.57,-1545,2500,-1586
-432,2156,21836,17.47,-457,-529,-2846
-1928,1784,18324,17.47,975,-753,-736
-648,3104,16264,17.52,-179,1931,-1475
140,3472,12880,17.52,-508,-1455,2277
-20,4160,18428,17.52,409,890,1163
2472,4572,17232,17.47,-327,3985,1105
-1428,2388,18784,17.38,-338,208,2029
336,1972,17324,17.47,-1063,-714,1184
72,2608,13380,17.42,1269,-1088,1714
-1312,3044,15932,17.42,2094,-1599,-42
536,4412,19604,17.42,546,-1769,-1674
-1544,2084,22360,17.38,-1420,673,-2321
880,2268,14652,17.42,-633,-1165,-1633
-1956,2516,14876,17.47,379,37,-616
-156,3940,17548,17.47,572,-286,-150
-1276,3120,20388,17.47,1192,982,253
-2076,2848,21132,17.57,-197,217,230
-480,3156,16108,17.47,-1191,-908,3310
-972,2352,15624,17.61,-826,610,1604
1000,2864,15400,17.52,559,-424,397
-276,3124,19368,17.42,222,641,-1555
-784,2188,20340,17.42,-820,564,-3366
256,2528,19060,17.42,908,18,-580
-828,2444,15136,17.52,-1776,1481,-1297
504,3556,13884,17.52,-129,-429,372
-148,4480,17584,17.52,1132,186,-22
-1552,2932,18232,17.52,1835,-243,1514
-1484,2744,22608,17.57,-1147,-452,1073
-1496,2208,16748,17.38,-1079,-429,585
-1048,2324,15060,17.47,-175,-407,832
-532,3528,16100,17.38,970,-538,219
-3016,2636,21240,17.47,-110,-2390,1650
572,3280,19112,17.52,-1481,1343,-2545
2144,2816,14496,17.42,-959,2231,-2188
580,3416,13236,17.52,-961,1129,-1935
396,4120,13820,17.52,452,152,240
612,3728,17700,17.42,2230,-213,386
-1632,4272,20152,17.52,-1627,2451,506
204,3576,15828,17.42,-1443,-139,2316
-1000,1632,16024,17.47,-506,-1004,70
1132,3028,15160,17.47,719,-1016,1659
-1024,3768,17028,17.47,1223,-1233,-893
1288,4960,17772,17.47,-1217,-1223,-1737
220,2808,18844,17.38,-672,311,-1569
-32,1392,18100,17.47,-1646,172,-1257
-1092,2488,15760,17.47,-613,476,-109
1208,4032,15860,17.61,817,-325,-234
-3088,2840,19216,17.52,2449,1100,1072
-2032,2660,21244,17.52,-1069,-825,469
1244,2728,17800,17.42,-1337,-814,1442
-608,1376,15680,17.47,-693,-943,-606
-64,3644,14988,17.42,487,2782,-1263
584,3640,17600,17.47,1364,-3195,-349
700,2052,20812,17.47,-1569,-2639,-193
-108,1816,19904,17.47,-288,-319,-892
-928,2672,12252,17.47,156,3067,-2847
1984,3972,13400,17.42,-273,-458,895
1052,3232,18916,17.42,1840,892,950
-1360,3176,21944,17.33,-1100,2595,615
260,3532,15564,17.42,-1732,697,1417
1808,2840,15292,17.42,-1283,1247,1593
2624,2964,15184,17.38,1959,-731,461
-2340,2244,16932,17.47,2638,-986,-1705
-1076,3064,23672,17.47,-2447,348,-3537
744,2768,16100,17.38,-1374,1900,-2499
1500,3092,14684,17.47,-1380,1575,-2029
1684,3836,13420,17.42,-14,-735,647
1460,4200,18552,17.52,2258,-539,781
-512,3728,19984,17.42,-1464,1623,-428
-1844,2684,16968,17.33,-1996,1399,2424
1988,2860,15712,17.38,472,-1914,288
2204,3792,13548,17.38,2302,-2383,-248
-796,3492,18280,17.38,2178,-1857,-759
2548,4128,18876,17.47,34,-1286,-3534
1772,3212,17984,17.42,-822,180,-118
-228,2652,18832,17.42,-1521,-427,-899
-3408,2740,14688,17.42,-286,1227,-748
192,4928,16676,17.42,1812,706,1381
532,3536,17280,17.42,-1606,-2252,2458
-432,2456,15520,17.38,140,-176,1238
-1244,2412,18008,17.47,65,669,-103
704,4280,13920,17.42,1953,-795,768
1580,4328,16836,17.42,1712,24,80
3448,4256,16168,17.42,1070,168,-2715
3680,4696,17504,17.47,-1718,497,-173
1208,2984,15048,17.47,-1128,844,-959
-84,4016,13384,17.38,323,-667,-246
-592,4548,18080,17.38,1329,507,-347
2448,4972,16668,17.38,-671,1783,-130
2908,4388,17396,17.52,-124,182,1430
432,2412,14468,17.42,-129,595,1206
1512,3384,13804,17.42,2877,-1835,1610
3940,4708,13724,17.47,2396,-838,177
3576,4016,15972,17.33,-1455,-1701,-2027
1556,3716,18256,17.52,-1633,1162,-798
1196,2664,17072,17.38,-351,-550,-695
-1000,2780,14368,17.38,2453,-383,368
-2348,4560,17756,17.47,2272,-331,-1004
-568,4476,18912,17.42,3797,581,-11
224,4276,18656,17.42,-488,-549,2558
564,2316,15592,17.42,-2683,1139,2022
1968,3408,14776,17.42,415,-1311,-14
-820,3368,17568,17.42,1040,-220,-335
-668,4112,21852,17.47,866,-997,-655
-132,3400,19960,17.47,-1454,599,-3574
1192,3052,15844,17.38,-2025,-2357,-1610
-1716,2620,15364,17.52,425,1673,-732
-60,3248,16484,17.42,442,16,345
596,3184,19252,17.42,-30,1680,-733
-436,3456,20368,17.42,-1193,309,853
-1968,1492,17752,17.33,-797,-1396,1496
-920,1768,16900,17.42,-2338,896,24
-368,3420,12700,17.47,718,-920,922
392,3600,20048,17.38,2114,-2032,-487
-1644,2028,22292,17.52,-2703,1390,-2927
416,1676,20940,17.42,-1895,771,-519
448,2600,15128,17.52,-1742,3578,-2576
1880,3628,14868,17.47,1012,273,-345
592,3740,18316,17.47,1235,-1265,792
2200,4696,16144,17.38,-127,1052,279
-16,3104,18596,17.38,-81,1594,1163
-332,1848,16836,17.38,-1389,-1057,202
228,2700,14604,17.47,1573,-187,1901
1432,3776,14976,17.42,1339,-111,-427
6112,3988,19156,17.33,-438,506,-590
264,2816,20200,17.52,-1662,133,-172
1056,2472,17648,17.47,-1331,397,-1394
-1356,2604,14184,17.38,388,-653,410
136,4380,16812,17.38,1133,-346,197
380,3508,18076,17.47,3047,1381,707
-684,2068,21068,17.42,236,-1643,1847
896,1968,17768,17.42,-990,-642,-512
-556,2188,15340,17.47,1099,-1007,1098
-420,3144,16248,17.38,1850,-826,366
-716,3628,22416,17.42,1284,-1946,-9
544,3052,19328,17.47,-626,571,-2794
3344,3580,15312,17.47,-2037,18,-949
-760,2164,15336,17.38,-611,536,-1012
-92,3644,16288,17.42,407,907,-741
-224,3068,18352,17.47,2361,148,-994
-1400,2384,21668,17.47,-62,-1253,1520
-964,2700,15848,17.47,-1456,463,537
-448,2920,14748,17.42,-1709,539,697
864,3320,15108,17.28,72,913,-153
1024,3664,17376,17.33,179,-107,-1268
-480,1488,23012,17.33,-1759,-402,-2728
1860,2324,16188,17.42,947,803,-2183
1132,3696,14580,17.33,-352,1885,-1443
996,3664,14348,17.33,1458,574,97
-892,4416,18004,17.33,1561,54,1532
1796,3984,18944,17.42,-1516,1668,960
-644,3356,16188,17.38,-1581,1358,2063
-20,2684,16136,17.57,-1214,1452,110
2824,3548,11904,17.38,678,290,1465
1456,3920,15636,17.28,647,1152,287
2436,3296,18852,17.42,-1504,390,-2346
-416,3076,18792,17.52,-1166,680,-685
1068,2540,16948,17.42,457,1252,-1343
-580,2768,12816,17.47,1213,-339,818
-2348,3876,16424,17.42,2359,-302,1222
976,4000,16632,17.38,1705,485,2710
-1064,2340,19604,17.38,-180,46,2489
-1456,1684,16476,17.47,-2549,385,518
-1156,1840,17056,17.38,67,-904,740
12,3500,15904,17.47,1355,512,-166
980,4064,20028,17.38,1131,-474,-159
-1532,2996,19388,17.38,-1060,277,-2192
352,2484,15416,17.47,-1637,110,-1241
-2156,2224,15988,17.47,-78,-476,-1029
-2680,2960,17660,17.38,530,871,-1171
-624,3472,20092,17.42,2302,117,-51
-1208,1820,21624,17.52,202,-3583,2385
1600,2500,17596,17.42,-1662,2181,93
524,2132,15944,17.42,-657,-4,1188
-68,3064,16164,17.42,693,958,-177
-1216,3360,21364,17.38,705,-653,-1363
560,3280,20936,17.42,-1630,-2950,-3221
1696,2992,20368,17.38,-1665,2108,-1603
352,2880,14256,17.47,272,752,-1048
2068,4152,15836,17.38,889,-787,514
-228,2608,21600,17.42,2341,1171,-290
-1668,3620,20660,17.42,-703,2245,-149
412,2960,16804,17.42,-2832,802,908
56,3268,15844,17.28,2254,677,468
1780,4108,14148,17.38,1651,557,545
-1360,4416,20448,17.42,-105,-1317,-946
-1468,3288,20668,17.47,-2541,2317,-2384
3044,3120,15188,17.38,-1929,1077,-1045
1080,4084,15884,17.42,203,1066,-1143
1524,4064,14860,17.33,811,1233,407
-1216,3764,19964,17.42,1649,231,1037
-3260,3140,25476,17.42,-2063,-284,967
-2004,2920,16684,17.42,-1744,72,1044
0,2724,13180,17.47,-1967,1259,434
932,3720,14036,17.42,-20,-441,-499
-396,3804,18664,17.42,-44,-51,-1189
1168,3220,20696,17.42,81,-1163,-3432
600,2960,17344,17.47,-388,-86,-2126
1244,3968,16444,17.42,-673,2324,-2929
780,3816,13108,17.42,642,2,607
-724,4812,17156,17.42,1986,527,740
1236,5500,18132,17.42,-510,309,1048
-1440,3008,16068,17.42,-472,435,1987
116,2692,17684,17.33,-1158,-526,526
772,3300,15100,17.42,1971,-1443,2519
-968,4008,17056,17.33,1352,621,-1
3484,5100,18720,17.42,-2052,384,-1310
-888,3748,18912,17.33,-326,1020,-1733
812,3016,15616,17.42,-1223,-156,-1798
-3096,2152,14168,17.33,110,-1267,-543
-392,4668,18452,17.42,798,-42,55
-552,4104,19196,17.42,3322,1190,1161
416,3600,19828,17.33,429,-2234,2184
-2340,2432,16948,17.42,-1651,-1971,126
-516,2500,15192,17.42,-590,-182,-365
-640,3936,16560,17.33,336,-127,-161
1028,4828,19032,17.33,839,181,-293
-752,3956,20112,17.38,-1429,-1638,-1059
928,2980,14700,17.28,-1772,356,-1708
448,3800,10416,17.38,351,2165,-915
3388,5188,12568,17.42,1736,2319,1327
104,4116,17708,17.42,1655,761,-334
-1732,3132,21752,17.33,-1710,1267,245
-408,3136,20364,17.42,-1532,-1355,1246
-1492,2452,14452,17.42,-1347,-101,1255
180,3216,14996,17.42,99,756,-470
-956,3156,20060,17.38,-294,87,-1595
888,2596,21748,17.38,-552,802,-2684
-36,1980,14696,17.38,-1083,-267,-1448
240,3324,15512,17.47,-1828,374,-691
980,3916,15788,17.38,-818,2503,-258
52,3576,20668,17.38,1659,942,403
-2292,3524,21228,17.47,-901,1882,146
-1776,2672,15884,17.47,-2280,939,1547
1644,3344,15140,17.47,-598,1281,745
2076,3160,14748,17.28,553,-1018,1272
152,2872,18628,17.38,1890,-799,-524
-3384,2268,21712,17.38,-2515,99,-3516
-608,2728,17636,17.47,-3076,2650,-574
904,3328,17068,17.38,-419,1661,37
908,4340,16016,17.38,866,-204,-141
-572,4216,15784,17.38,878,592,-200
2416,3788,16364,17.47,-534,2331,-393
-68,3028,16636,17.38,-742,572,927
-1504,1816,16716,17.42,-1929,433,652
-1220,2348,16780,17.42,238,-2057,585
828,2984,16552,17.42,1370,347,-1606
2552,2580,19524,17.42,-2426,-105,-5216
-1152,2476,19708,17.42,-511,288,-2251
560,2812,14824,17.42,-1611,813,-1258
720,2836,13644,17.42,325,1194,440
240,4096,16704,17.42,1755,-175,1772
-940,2852,17556,17.42,2548,1481,965
-1112,2284,19172,17.38,-834,-1080,3129
-1704,1948,17128,17.47,-1875,902,240
396,2140,15724,17.47,740,-1824,1718
-384,3084,16284,17.33,2173,-2467,244
-1992,3368,19584,17.42,-80,-939,198
-2336,2948,21552,17.42,-1948,1635,-2807
-808,1176,16012,17.42,-1631,1472,-2711
-2096,2728,14492,17.42,-274,1475,-1056
-1264,3368,18632,17.47,-161,504,-364
-2416,2180,21192,17.38,1866,-113,1116
-3224,1500,21636,17.47,-1135,-316,-544
-1952,2120,16928,17.42,-1397,57,400
-1988,1188,18052,17.47,-312,-469,999
-1812,2372,16492,17.38,2423,-1097,25
-1564,2168,19720,17.47,770,1659,-3333
-2728,2080,21916,17.42,-856,330,-3285
-616,2392,14404,17.38,-1239,544,-2457
-1376,2736,15676,17.33,-198,311,-1499
-300,3940,13536,17.33,418,796,-86
348,4096,19448,17.33,1427,558,1226
684,4860,20592,17.28,-1035,1120,1652
196,3492,14736,17.38,-643,-86,2051
2360,2816,15396,17.38,-976,1515,1594
1560,3224,14280,17.33,566,-1002,333
-200,3404,18440,17.38,444,-765,-973
-1548,4256,18856,17.38,-65,-923,-1897
-2844,1812,19688,17.38,-612,444,-980
-376,2660,17672,17.33,-531,-83,-1617
-1100,2820,15880,17.38,1051,-843,791
-1224,4148,18080,17.28,2015,397,148
-2676,3280,19256,17.38,2831,900,-493
-4036,1592,20784,17.38,-421,-1537,1796
-920,1536,17096,17.28,-1841,-724,744
-724,1756,15548,17.28,16,1128,923
-372,3564,15228,17.42,1405,139,-182
-2256,3436,18924,17.42,986,-1219,-990
-2400,1176,25356,17.33,-700,-3012,-1041
-564,1788,15444,17.33,48,222,-2020
-2784,2300,14748,17.33,30,1587,-822
-248,3416,16008,17.47,44,-504,594
-2312,2960,20296,17.33,1233,503,73
-2724,3284,23024,17.38,-1721,971,553
-604,1540,16632,17.38,-1578,-323,1838
-2452,1164,16460,17.42,-1757,-137,789
-604,2612,15136,17.33,1250,-2587,1157
64,2236,19100,17.33,862,-726,-2087
-2780,2000,22100,17.38,-1545,861,-4308
540,1960,17492,17.38,1583,95,-1100
36,2280,17220,17.38,-909,852,-231
-616,2968,14324,17.42,608,-40,657
304,3752,17256,17.47,1652,25,157
356,4072,17972,17.38,-1244,2646,1714
-636,2604,18332,17.38,-288,1197,387
-1032,2132,16620,17.33,-1204,290,1238
-676,2348,14272,17.38,1879,-1578,1614
912,3840,16844,17.28,1198,294,-370
2068,4432,18532,17.47,612,307,-1172
240,3048,17548,17.33,-770,-690,-2125
-804,2316,16168,17.33,-976,980,-1794
-3064,2804,14364,17.42,-1637,815,171
492,3992,18028,17.42,363,-552,131
-1240,3592,19960,17.42,2622,-1525,1105
-3480,1424,23096,17.38,-2741,1192,-422
-1380,2408,15720,17.38,-254,-681,-871
-852,2328,14088,17.47,-2078,-718,836
-732,3052,15488,17.38,402,-36,-27
-2520,2152,20084,17.33,1110,-1881,-777
-1284,2020,21308,17.47,-1624,1031,-3565
-152,1804,18012,17.38,-947,3049,-1908
844,3192,13860,17.38,-519,1981,-525
32,3304,12708,17.28,1180,-1543,1606
-404,3556,17408,17.38,711,-6,341
2900,5016,16132,17.38,-179,2449,19
-1780,2924,18056,17.38,-426,1786,1989
-404,2064,16612,17.38,-953,-914,551
284,2396,14360,17.38,1004,-731,1536
1000,3636,14380,17.38,1553,120,190
1660,4560,18584,17.38,620,-1112,-1306
-2920,2204,20000,17.42,-674,1009,-1687
1104,2268,17548,17.47,-1438,78,-1712
-1976,2760,13204,17.47,465,-939,546
-176,4216,17084,17.42,646,-329,577
-1600,3204,21908,17.33,1872,12,541
-2236,1936,22540,17.33,-795,-18,-5
-664,2340,16492,17.33,-1307,288,389
-600,3500,14312,17.42,251,-456,1407
-480,3300,14304,17.33,1378,-177,393
-1820,3056,17604,17.42,1209,-1137,-765
700,3564,20540,17.33,-450,-265,-2540
300,3400,16280,17.42,-957,378,-494
-1224,2668,16916,17.42,-276,1056,-1698
-384,4160,14400,17.42,142,60,-10
-228,4216,19900,17.33,1502,-513,1231
724,4844,18888,17.33,-870,1399,-353
-868,3856,17164,17.33,-519,838,1957
-820,3020,16120,17.33,-1133,974,-282
1468,3792,13624,17.33,492,-1232,867
520,4536,16392,17.33,1046,-671,-962
2600,4592,18684,17.42,-1001,-95,-2721
-2140,3000,19404,17.38,-1323,631,-1748
884,3912,17248,17.47,-1890,403,-1852
-248,4176,12540,17.38,895,-1028,1294
-1188,4356,17192,17.38,2685,-455,720
1300,4700,17252,17.38,1457,1051,1570
-1432,3712,17944,17.33,-654,889,312
-308,3480,15996,17.42,-1884,439,-154
436,2540,14724,17.52,378,-1264,914
-168,4260,16476,17.28,627,-427,476
972,3888,21352,17.47,1284,-2235,-595
-1260,3176,18008,17.38,-430,706,-2219
824,3100,16748,17.38,-1391,1603,-1507
-1292,2888,13144,17.47,227,-44,1439
-1292,4196,16288,17.38,1833,1060,-328
-2056,3860,19628,17.38,1132,311,481
-2964,2984,20696,17.38,-73,-876,1564
552,2780,15980,17.38,-2310,-385,622
-1632,2516,13564,17.38,-225,165,1291
-164,3904,16340,17.38,1207,-890,1610
-3496,3136,20316,17.38,-263,-14,-859
-228,3120,21364,17.38,1050,-879,-1954
664,3124,15224,17.38,137,-712,-1456
-1864,2860,14900,17.38,4,1316,-1351
-380,4044,15652,17.38,791,379,216
-744,3740,20360,17.38,2307,-15,807
-3472,2840,22336,17.28,-513,-151,1421
456,2960,17752,17.47,-1748,-208,1240
-1368,3068,15284,17.42,-39,1017,-201
-1468,3704,14444,17.28,678,64,247
396,4244,17128,17.33,577,551,-822
-1508,3312,21500,17.33,-533,-579,-3038
2020,4040,17976,17.33,-697,-64,-789
-1252,3176,14488,17.38,-87,232,-976
0,4260,14012,17.38,619,-460,-245
-1132,4628,17948,17.33,1086,624,1158
944,5084,14992,17.47,-99,2660,907
792,4376,18048,17.28,-794,1198,1089
-896,3308,15660,17.47,-1402,394,169
360,4028,13272,17.38,1209,-1647,1995
1860,4564,16008,17.38,1420,-1284,51
704,4864,19040,17.33,-1506,102,-2550
-2192,3400,19436,17.42,-789,834,-711
-780,2680,16324,17.52,-1053,-1115,-107
-472,3992,14140,17.42,1533,-1160,576
-1520,4780,17724,17.42,1034,-508,1349
480,4632,18280,17.33,1531,2086,527
-132,3692,19940,17.42,-2114,195,1250
-272,2452,14880,17.42,-1739,-1387,1879
952,3056,14152,17.33,1054,-557,1085
816,4152,15340,17.38,1947,785,-436
1928,5432,20140,17.38,434,-2777,546
-1252,4028,18908,17.42,-572,-530,-1409
636,2872,16548,17.47,-1404,-57,-1303
-2324,3052,13336,17.38,956,354,860
-952,4196,17308,17.47,1957,-1080,1987
-1260,4204,18676,17.47,2908,2812,1600
-2312,2876,19912,17.47,-829,-2273,1621
-2328,2528,16832,17.47,-906,-565,463
-436,3244,15088,17.38,849,-2537,2729
-1320,3800,16636,17.42,1498,-1235,113
-604,4564,22424,17.38,663,-344,-1022
-516,3564,20556,17.47,160,106,-2450
-92,2400,16364,17.28,-2054,-985,-2777
-2100,2696,15436,17.42,-1069,1111,-1365
528,4568,17044,17.47,1311,85,-250
-1256,3572,19876,17.38,1665,344,0
-2648,2792,19572,17.38,-806,-301,1642
-472,3156,15868,17.42,-1174,-354,794
-2444,2900,15716,17.38,-214,963,450
-2048,3316,15844,17.47,1696,-92,-306
-1908,3920,19868,17.38,783,-1214,-1112
-1132,3596,20760,17.38,-1928,240,-1346
336,2956,15804,17.38,-733,234,-1461
328,3928,13600,17.47,-80,750,-935
100,4684,14728,17.47,9,469,-11
948,5080,18212,17.42,2097,-12,855
-2220,4508,20088,17.47,-738,315,678
-1656,3672,19384,17.47,-1132,432,1533
-976,3648,15012,17.47,-441,1974,-306
424,4092,14720,17.38,523,1222,363
-812,4904,15364,17.47,938,-362,-424
1548,5828,17412,17.47,-1739,-484,-2578
-1396,3628,18140,17.42,-1468,6413,-2645
-680,3476,18588,17.52,-1799,-1366,-4056
-2440,3988,14212,17.42,1278,-2834,-1684
-1800,4400,16040,17.47,1845,-2227,-1478
1744,5720,19464,17.47,2177,-3665,-13
660,4288,21536,17.38,-912,-2825,136
-1212,2556,17160,17.38,-3083,-2632,-961
-88,4116,15020,17.33,-1305,-2282,771
-920,4616,13580,17.42,1098,-3309,1269
-1408,4336,18780,17.42,-740,-4370,-600
-248,3564,19368,17.42,-368,-485,-3464
948,2668,15608,17.42,-228,1661,-2159
3636,4180,16036,17.42,1387,561,-811
-896,4612,15088,17.38,1332,-2497,1115
1104,5272,15528,17.47,3605,-735,1321
324,5004,15420,17.42,1252,2364,1790
-756,3988,22520,17.52,-82,124,925
1300,3984,17748,17.47,-447,-1161,692
168,3400,19896,17.47,1486,-1459,337
1276,4832,17240,17.47,1024,-931,-1199
768,5632,17408,17.42,-670,-397,-1627
2196,6212,17228,17.42,-1040,-307,-2152
-180,3720,18972,17.47,-2330,-274,-2096
-220,4152,16636,17.47,240,1537,-2297
2460,5652,15100,17.42,403,684,-184
2100,5300,15740,17.42,-1542,-682,680
